stage,role,process_runs,process_runs_known,recorded_process_lower,full_driver_wall_s,conservative_resource_s,failed_tasks,tasks,domains_s,unknown_attempts
goal,correctness_small,0,True,0,3.26511312,3.286546387,0,1,"{""monotonic"": 3.26511312, ""raw"": 3.286546387, ""realtime"": 3.265114406}",[]
goal,correctness_sanitizer,0,True,0,0.503538603,0.506945202,0,1,"{""monotonic"": 0.503538603, ""raw"": 0.506945202, ""realtime"": 0.503539481}",[]
goal,diagnostic_build,0,True,0,1.019499293,1.020492,0,3,"{""monotonic"": 1.019499293, ""raw"": 1.01965848, ""realtime"": 1.019502438}",[]
goal,clock_probe,0,True,0,81.531260366,81.979635233,0,7,"{""monotonic"": 81.531260366, ""raw"": 81.627290364, ""realtime"": 81.53127167299999}",[]
goal,clock_matrix_diagnostic,2,True,2,138.373513404,138.52151772,0,2,"{""monotonic"": 138.373513404, ""raw"": 138.44629091, ""realtime"": 138.373515963}",[]
goal,aa,23,True,23,1607.8042576490002,1610.23187487,1,23,"{""monotonic"": 1607.8042576490002, ""raw"": 1609.68798842, ""realtime"": 1609.506019882}",[]
goal,diagnostic_anchor,4,True,4,221.681567481,222.168510356,0,4,"{""monotonic"": 221.681567481, ""raw"": 221.885072536, ""realtime"": 222.105259859}",[]
goal,diagnostic_preflight,0,True,0,0.374852005,0.376610473,2,2,"{""monotonic"": 0.374852005, ""raw"": 0.376610473, ""realtime"": 0.374853796}",[]
diagnostic,aa_replacement,2,True,2,102.253109026,103.73071213099999,0,2,"{""monotonic"": 102.253109026, ""raw"": 103.73071213099999, ""realtime"": 103.63720459800001}",[]
diagnostic,clock_matrix_diagnostic,2,True,2,107.506350258,109.40010857,0,2,"{""monotonic"": 107.506350258, ""raw"": 109.095332447, ""realtime"": 109.40010857}",[]
diagnostic,clock_followup_aa,8,True,8,477.76453458099996,483.157285839,0,8,"{""monotonic"": 477.76453458099996, ""raw"": 482.57141655399994, ""realtime"": 482.395979205}",[]
goal,historical_analysis,0,True,0,1.5214516420000002,1.530185987,0,2,"{""monotonic"": 1.5214516420000002, ""raw"": 1.525379547, ""realtime"": 1.5214537000000001}",[]
goal,screenshot_validation,0,True,0,2.75671459,2.757842945,0,1,"{""monotonic"": 2.75671459, ""raw"": 2.757842945, ""realtime"": 2.756715988}",[]
