task,phase,monotonic_elapsed_s,raw_elapsed_s,realtime_elapsed_s,prefix_ratio,local_monotonic_s,local_raw_s,local_ratio,prefix_clock_conflict,readonly,offset_raw,frequency_scaled_ppm,tick_us,status,precision_us,returncode,offset_unit
clock-followup-01-M-B3,start,0.0,0.0,0.0,,0.0,0.0,,False,True,0,-1205547,9857,8192,1,0,ns
clock-followup-01-M-B3,interval,2.013600875,2.042852157,2.013602227,1.0145268520505586,2.013600875,2.042852157,1.0145268520505586,False,True,0,-1205547,9857,8192,1,0,ns
clock-followup-01-M-B3,interval,4.0272006,4.085702688,4.027202401,1.0145267380025718,2.013599725,2.042850531,1.01452662395452,False,True,0,-1205547,9857,8192,1,0,ns
clock-followup-01-M-B3,interval,6.040436817,6.128181319,6.040439004,1.0145261848866716,2.013236217,2.042478631,1.0145250784548148,False,True,0,822633,9858,8192,1,0,ns
clock-followup-01-M-B3,interval,8.053566538,8.170282906,8.053568146,1.01449250682282,2.013129721,2.042101587,1.0143914551048447,False,True,0,822633,9858,8192,1,0,ns
clock-followup-01-M-B3,interval,10.06651157,10.212197154,10.519439402,1.014472300854863,2.012945032,2.041914248,1.0143914590510288,False,True,0,822633,9858,8192,1,0,ns
clock-followup-01-M-B3,interval,12.079067143,12.253717506,12.531996202,1.0144589280722074,2.012555573,2.041520352,1.014392039349663,False,True,0,822633,9858,8192,1,0,ns
clock-followup-01-M-B3,interval,14.092847339,14.296471477,14.545775557,1.0144487578061319,2.013780196,2.042753971,1.0143877544617586,False,True,0,1290617,9859,8192,1,0,ns
clock-followup-01-M-B3,interval,16.106246245,16.338624753,16.559174607,1.014427850193346,2.013398906,2.042153276,1.0142815067169806,False,True,0,1290617,9859,8192,1,0,ns
clock-followup-01-M-B3,interval,18.119743155,18.38087706,18.572671452,1.014411567689796,2.01349691,2.042252307,1.014281321643548,False,True,0,1290617,9859,8192,1,0,ns
clock-followup-01-M-B3,interval,20.123647757,20.413400594,20.576576564,1.0143986239720981,2.003904602,2.032523534,1.0142815840491792,False,True,0,1290617,9859,8192,1,0,ns
clock-followup-01-M-B3,interval,22.136473108,22.45500211,22.589401752,1.014389329341036,2.012825351,2.041601516,1.0142964042984175,False,True,0,1478675,9856,8192,1,0,ns
clock-followup-01-M-B3,interval,24.149544579,24.49743877,24.60247337,1.0144058282284345,2.013071471,2.04243666,1.0145872560527682,False,True,0,1478675,9856,8192,1,0,ns
clock-followup-01-M-B3,interval,26.162153561,26.539405359,26.615081563,1.0144197532179602,2.012608982,2.041966589,1.0145868408928722,False,True,0,1478675,9856,8192,1,0,ns
clock-followup-01-M-B3,interval,28.165388852,28.571862551,28.618317187,1.0144316736096166,2.003235291,2.032457192,1.014587353333523,False,True,0,1478675,9856,8192,1,0,ns
clock-followup-01-M-B3,interval,30.168395271,30.604079148,30.621323882,1.0144417319213133,2.003006419,2.032216597,1.0145831674441579,False,True,0,-882287,9857,8192,1,0,ns
clock-followup-01-M-B3,interval,32.171538871,32.636310712,32.624466929,1.014446677321331,2.0031436,2.032231564,1.0145211576444144,False,True,0,-882287,9857,8192,1,0,ns
clock-followup-01-M-B3,interval,34.184174044,34.678172443,34.637102887,1.0144510848313653,2.012635173,2.041861731,1.0145215379280266,False,True,0,-882287,9857,8192,1,0,ns
clock-followup-01-M-B3,interval,36.197532968,36.720767636,36.650461078,1.0144549814613764,2.013358924,2.042595193,1.0145211410898936,False,True,0,-882287,9857,8192,1,0,ns
clock-followup-01-M-B3,interval,38.21140349,38.763861755,38.664331326,1.0144579422513118,2.013870522,2.043094119,1.014511159819241,False,True,0,812832,9858,8192,1,0,ns
clock-followup-01-M-B3,interval,40.214983691,40.796277761,40.667912487,1.014454663825466,2.003580201,2.032416006,1.014392139124557,False,True,0,812832,9858,8192,1,0,ns
clock-followup-01-M-B3,interval,42.229000137,42.839279406,43.154874848,1.014451662767769,2.014016446,2.043001645,1.0143917389838435,False,True,0,812832,9858,8192,1,0,ns
clock-followup-01-M-B3,interval,44.241971647,44.881221271,45.167846707,1.0144489406824018,2.01297151,2.041941865,1.0143918355804251,False,True,0,812832,9858,8192,1,0,ns
clock-followup-01-M-B3,interval,46.255722399,46.923931477,47.181597357,1.0144459764834295,2.013750752,2.042710206,1.0143808532268646,False,True,0,1643443,9859,8192,1,0,ns
clock-followup-01-M-B3,interval,48.258854673,48.955660462,49.184729854,1.0144389209756743,2.003132274,2.031728985,1.0142759973323658,False,True,0,1643443,9859,8192,1,0,ns
clock-followup-01-M-B3,interval,50.271994373,50.997538784,51.197869115,1.0144323777094801,2.0131397,2.041878322,1.0142755229555107,False,True,0,1643443,9859,8192,1,0,ns
clock-followup-01-M-B3,interval,52.275216599,53.029359107,53.201091463,1.0144263870542132,2.003222226,2.031820323,1.0142760481731994,False,True,0,1643443,9859,8192,1,0,ns
clock-followup-01-M-B3,interval,54.288310421,55.071263623,55.214185025,1.01442213242461,2.013093822,2.041904516,1.0143116499018294,False,True,0,-298075,9856,8192,1,0,ns
clock-followup-01-M-B3,interval,56.302738627,57.115132867,57.228613219,1.0144290359547523,2.014428206,2.043869244,1.0146150842766746,False,True,0,-298075,9856,8192,1,0,ns
clock-followup-01-M-B3,interval,58.31608589,59.157906196,59.241961677,1.0144354733887302,2.013347263,2.042773329,1.014615494575016,False,True,0,-298075,9856,8192,1,0,ns
clock-followup-01-M-B3,interval,60.328969257,61.20020719,61.254843974,1.014441452319342,2.012883367,2.042300994,1.0146146704187058,False,True,0,-298075,9856,8192,1,0,ns
clock-followup-01-M-B3,interval,62.332103958,63.232599669,63.257979113,1.014446740183947,2.003134701,2.032392479,1.0146059962844205,False,True,0,-2162919,9857,8192,1,0,ns
clock-followup-01-M-B3,interval,64.344841171,65.274604821,65.270715982,1.0144496999771762,2.012737213,2.042005152,1.0145413612919574,False,True,0,-2162919,9857,8192,1,0,ns
clock-followup-01-M-B3,end,66.107531187,67.062926237,67.033404914,1.014452136282286,1.762690016,1.788321416,1.01454107061783,False,True,0,-2162919,9857,8192,1,0,ns
clock-followup-02-F-A3,start,0.0,0.0,0.0,,0.0,0.0,,False,True,0,-2162919,9857,8192,1,0,ns
clock-followup-02-F-A3,interval,2.01331043,2.042587969,2.013311927,1.0145419894337904,2.01331043,2.042587969,1.0145419894337904,False,True,0,-2162919,9857,8192,1,0,ns
clock-followup-02-F-A3,interval,4.016330162,4.074725096,4.016332052,1.0145393759090067,2.003019732,2.032137127,1.0145367489569994,False,True,0,2637159,9858,8192,1,0,ns
clock-followup-02-F-A3,interval,6.019304837,6.106468581,6.019306411,1.0144806994097082,2.002974675,2.031743485,1.0143630423085603,False,True,0,2637159,9858,8192,1,0,ns
clock-followup-02-F-A3,interval,8.022381215,8.138315476,8.022382895,1.0144513527708245,2.003076378,2.031846895,1.0143631652372271,False,True,0,2637159,9858,8192,1,0,ns
clock-followup-02-F-A3,interval,10.025707857,10.170416427,10.483930603,1.0144337509195385,2.003326642,2.032100951,1.0143632637817233,False,True,0,2637159,9858,8192,1,0,ns
clock-followup-02-F-A3,interval,12.03834899,12.211958931,12.496572292,1.0144214078811151,2.012641133,2.041542504,1.014359922653931,False,True,0,2461661,9859,8192,1,0,ns
clock-followup-02-F-A3,interval,14.052052474,14.254383367,14.510274909,1.0143986718932603,2.013703484,2.042424436,1.0142627513078286,False,True,0,2461661,9859,8192,1,0,ns
clock-followup-02-F-A3,interval,16.065429053,16.296476939,16.523652858,1.0143816816368723,2.013376579,2.042093572,1.0142631007529963,False,True,0,2461661,9859,8192,1,0,ns
clock-followup-02-F-A3,interval,18.068787144,18.32840865,18.527009446,1.014368507633132,2.003358091,2.031931711,1.0142628620057321,False,True,0,2461661,9859,8192,1,0,ns
clock-followup-02-F-A3,interval,20.071808128,20.360032491,20.530031672,1.0143596611307741,2.003020984,2.031623841,1.0142798588873896,False,True,0,-817974,9856,8192,1,0,ns
clock-followup-02-F-A3,interval,22.084298956,22.401951733,22.542521547,1.0143836477505073,2.012490828,2.041919242,1.0146228810539455,False,True,0,-817974,9856,8192,1,0,ns
clock-followup-02-F-A3,interval,24.087124021,24.434064644,24.54534673,1.014403571912426,2.002825065,2.032112911,1.0146232671598805,False,True,0,-817974,9856,8192,1,0,ns
clock-followup-02-F-A3,interval,26.090236881,26.466469612,26.548459525,1.0144204413595796,2.00311286,2.032404968,1.014623293866727,False,True,0,-817974,9856,8192,1,0,ns
clock-followup-02-F-A3,interval,28.103410243,28.509072992,28.561632857,1.0144346449591841,2.013173362,2.04260338,1.0146187201537193,False,True,0,-2266817,9857,8192,1,0,ns
clock-followup-02-F-A3,interval,30.116123441,30.551057234,30.574346243,1.0144418916947286,2.012713198,2.041984242,1.0145430774881816,False,True,0,-2266817,9857,8192,1,0,ns
clock-followup-02-F-A3,interval,32.129156399,32.593365731,32.58737893,1.0144482265962775,2.013032958,2.042308497,1.0145430003436635,False,True,0,-2266817,9857,8192,1,0,ns
clock-followup-02-F-A3,interval,34.142454502,34.635943404,34.600677074,1.0144538203007958,2.013298103,2.042577673,1.014543087263814,False,True,0,-2266817,9857,8192,1,0,ns
clock-followup-02-F-A3,end,36.145577839,36.667785894,36.603799684,1.014447356667696,2.003123337,2.03184249,1.0143371865673592,False,True,0,916253,9884,8192,1,0,ns
clock-followup-03-multiclock-F,start,0.0,0.0,0.0,,0.0,0.0,,False,True,0,916253,9884,8192,1,0,ns
clock-followup-03-multiclock-F,interval,2.007990874,2.031529819,2.007993023,1.0117226354485913,2.007990874,2.031529819,1.0117226354485913,False,True,0,916253,9884,8192,1,0,ns
clock-followup-03-multiclock-F,interval,4.020807311,4.06793974,4.020809187,1.0117221307450015,2.012816437,2.036409921,1.0117216272513976,False,True,0,916253,9884,8192,1,0,ns
clock-followup-03-multiclock-F,interval,6.034163509,6.104896218,6.485067866,1.0117220404940142,2.013356198,2.036956478,1.0117218602567415,False,True,0,916253,9884,8192,1,0,ns
clock-followup-03-multiclock-F,interval,8.046935389,8.141347341,8.497839585,1.011732659383479,2.01277188,2.036451123,1.0117644941462518,False,True,0,-618579,9880,8192,1,0,ns
clock-followup-03-multiclock-F,interval,10.060673925,10.179563826,10.5115785,1.0118172899635052,2.013738536,2.038216485,1.0121554752826163,False,True,0,-618579,9880,8192,1,0,ns
clock-followup-03-multiclock-F,interval,12.06429554,12.207540246,12.515199936,1.011873441389517,2.003621615,2.02797642,1.0121553914260402,False,True,0,-618579,9880,8192,1,0,ns
clock-followup-03-multiclock-F,interval,14.067625472,14.235222073,14.518530508,1.0119136382564051,2.003329932,2.027681827,1.0121557086583777,False,True,0,-618579,9880,8192,1,0,ns
clock-followup-03-multiclock-F,interval,16.080534082,16.272763921,16.531438442,1.0119541949303272,2.01290861,2.037541848,1.0122376335803938,False,True,0,-2473065,9873,8192,1,0,ns
clock-followup-03-multiclock-F,interval,18.083723119,18.301798076,18.534627192,1.0120591846913913,2.003189037,2.029034155,1.0129019865437694,False,True,0,-2473065,9873,8192,1,0,ns
clock-followup-03-multiclock-F,interval,20.097094058,20.341146,20.54799857,1.0121436433195599,2.013370939,2.039347924,1.012902235001416,False,True,0,-2473065,9873,8192,1,0,ns
clock-followup-03-multiclock-F,interval,22.100327379,22.370224971,22.551231661,1.0122123798155342,2.003233321,2.029078971,1.0129019668997408,False,True,0,-2473065,9873,8192,1,0,ns
clock-followup-03-multiclock-F,interval,24.11375831,24.409477813,24.56466297,1.0122635177477648,2.013430931,2.039252842,1.0128248307912777,False,True,0,-1503331,9879,8192,1,0,ns
clock-followup-03-multiclock-F,interval,26.127305067,26.447734037,26.578209436,1.0122641416394955,2.013546757,2.038256224,1.0122716132188632,False,True,0,-1503331,9879,8192,1,0,ns
clock-followup-03-multiclock-F,interval,28.139694274,28.484818936,28.590598977,1.0122646912450246,2.012389207,2.037084899,1.0122718268981452,False,True,0,-1503331,9879,8192,1,0,ns
clock-followup-03-multiclock-F,interval,30.142935853,30.512644082,30.593840938,1.0122651698826877,2.003241579,2.027825146,1.0122718933441228,False,True,0,-1503331,9879,8192,1,0,ns
clock-followup-03-multiclock-F,interval,32.155890344,32.557470834,32.606794471,1.0124885514194737,2.012954491,2.044826752,1.0158335725633652,False,True,0,2136235,9636,8192,1,0,ns
clock-followup-03-multiclock-F,interval,34.169068243,34.646626199,34.619972585,1.0139763236329349,2.013177899,2.089155365,1.0377400656135456,False,True,0,2136235,9636,8192,1,0,ns
clock-followup-03-multiclock-F,interval,36.171848783,36.724990855,36.6227528,1.0152920597262909,2.00278054,2.078364656,1.037739589780516,False,True,0,2136235,9636,8192,1,0,ns
clock-followup-03-multiclock-F,interval,38.18402348,38.813105175,39.092445453,1.0164749975949887,2.012174697,2.08811432,1.0377400745140173,False,True,0,2136235,9636,8192,1,0,ns
clock-followup-03-multiclock-F,end,38.94658466,39.604444975,39.855006089,1.0168913480024773,0.76256118,0.7913398,1.037739424396086,False,True,0,2136235,9636,8192,1,0,ns
clock-followup-04-multiclock-M,start,0.0,0.0,0.0,,0.0,0.0,,False,True,0,2136235,9636,8192,1,0,ns
clock-followup-04-multiclock-M,interval,2.008196855,2.057755068,2.008198712,1.0246779656469485,2.008196855,2.057755068,1.0246779656469485,False,True,0,-563907,9864,8192,1,0,ns
clock-followup-04-multiclock-M,interval,4.011599348,4.08879689,4.011600901,1.0192435822481842,2.003402493,2.031041822,1.0137961937736295,False,True,0,-563907,9864,8192,1,0,ns
clock-followup-04-multiclock-M,interval,6.024045323,6.12900731,6.024046827,1.0174238375331028,2.012445975,2.04021042,1.0137963678751676,False,True,0,-563907,9864,8192,1,0,ns
clock-followup-04-multiclock-M,interval,8.026896511,8.159490627,8.026898143,1.0165187274830683,2.002851188,2.030483317,1.0137963964400134,False,True,0,-563907,9864,8192,1,0,ns
clock-followup-04-multiclock-M,interval,10.030494304,10.174079346,10.030495834,1.014314852054972,2.003597793,2.014588719,1.0054855949823858,False,True,0,1978705,10012,8192,1,0,ns
clock-followup-04-multiclock-M,interval,12.035177317,12.176299431,12.035179118,1.0117258026436105,2.004683013,2.002220085,0.9987714127450431,False,True,0,1978705,10012,8192,1,0,ns
clock-followup-04-multiclock-M,interval,14.049182045,14.187829297,14.04918385,1.0098687063457437,2.014004728,2.011529866,0.9987711736891215,False,True,0,1978705,10012,8192,1,0,ns
clock-followup-04-multiclock-M,interval,16.064396953,16.200568183,16.064398689,1.0084765852336943,2.015214908,2.012738886,0.9987713360048249,False,True,0,1978705,10012,8192,1,0,ns
clock-followup-04-multiclock-M,interval,18.067621327,18.230709929,18.06762292,1.0090265674184946,2.003224374,2.030141746,1.0134370230061907,False,True,0,2547999,9854,8192,1,0,ns
clock-followup-04-multiclock-M,interval,20.070731013,20.263418236,20.070733032,1.0096004088179547,2.003109686,2.032708307,1.0147763356179986,False,True,0,2547999,9854,8192,1,0,ns
clock-followup-04-multiclock-M,interval,22.084503945,22.30694728,22.084505765,1.010072371811202,2.013772932,2.043529044,1.0147762995157787,False,True,0,2547999,9854,8192,1,0,ns
clock-followup-04-multiclock-M,interval,24.097064207,24.349245772,24.09706648,1.0104652401982954,2.012560262,2.042298492,1.01477631778859,False,True,0,2547999,9854,8192,1,0,ns
clock-followup-04-multiclock-M,interval,26.110449515,26.392086472,26.110451204,1.0107863695275796,2.013385308,2.0428407,1.014629783918141,False,True,0,-1017351,9857,8192,1,0,ns
clock-followup-04-multiclock-M,interval,28.123749251,28.434626106,28.123750633,1.0110538908673048,2.013299736,2.042539634,1.0145233705032384,False,True,0,-1017351,9857,8192,1,0,ns
clock-followup-04-multiclock-M,interval,30.127000927,30.466971995,30.637653837,1.0112845971234832,2.003251676,2.032345889,1.0145234936521277,False,True,0,-1017351,9857,8192,1,0,ns
clock-followup-04-multiclock-M,interval,32.139425974,32.508624527,32.65007908,1.0114874034557642,2.012425047,2.041652532,1.0145235148228606,False,True,0,-1017351,9857,8192,1,0,ns
clock-followup-04-multiclock-M,interval,34.142994862,34.541268413,34.653647979,1.0116648686680751,2.003568888,2.032643886,1.0145116038555693,False,True,0,252446,9857,8192,1,0,ns
clock-followup-04-multiclock-M,interval,36.155502874,36.582964595,36.666155873,1.011822867531111,2.012508012,2.041696182,1.0145033807696462,False,True,0,252446,9857,8192,1,0,ns
clock-followup-04-multiclock-M,interval,38.168423999,38.625080682,38.679077392,1.0119642530436144,2.012921125,2.042116087,1.0145037784329478,False,True,0,252446,9857,8192,1,0,ns
clock-followup-04-multiclock-M,interval,40.181841866,40.667699426,40.692494678,1.0120914706105373,2.013417867,2.042618744,1.0145031379122058,False,True,0,252446,9857,8192,1,0,ns
clock-followup-04-multiclock-M,interval,42.184750452,42.699958921,42.695403278,1.0122131448800729,2.002908586,2.032259495,1.0146541430822942,False,True,0,-2374741,9855,8192,1,0,ns
clock-followup-04-multiclock-M,interval,44.197870786,44.742774744,44.708524576,1.0123287377493442,2.013120334,2.042815823,1.0147509756364124,False,True,0,-2374741,9855,8192,1,0,ns
clock-followup-04-multiclock-M,interval,46.211323097,46.785926854,46.72197716,1.0124342632604109,2.013452311,2.04315211,1.0147506841049785,False,True,0,-2374741,9855,8192,1,0,ns
clock-followup-04-multiclock-M,interval,48.214349513,48.818499224,48.725003399,1.0125304959436838,2.003026416,2.03257237,1.0147506561890496,False,True,0,-2374741,9855,8192,1,0,ns
clock-followup-04-multiclock-M,interval,50.218215164,50.861895515,50.728868338,1.0128176668345918,2.003865651,2.043396291,1.019727190782612,False,True,0,3214380,9777,8192,1,0,ns
clock-followup-04-multiclock-M,interval,52.231324253,52.920817477,52.741977214,1.013200760920022,2.013109089,2.058921962,1.0227572729418044,False,True,0,3214380,9777,8192,1,0,ns
clock-followup-04-multiclock-M,interval,54.244821194,54.980136246,54.755474102,1.0135554885390854,2.013496941,2.059318769,1.0227573367840541,False,True,0,3214380,9777,8192,1,0,ns
clock-followup-04-multiclock-M,interval,56.258158429,57.024578319,56.768811335,1.0136232665874987,2.013337235,2.044442073,1.0154493929080888,False,True,0,-2792290,9857,8192,1,0,ns
clock-followup-04-multiclock-M,interval,58.261324969,59.054749979,58.771977995,1.013618382527726,2.00316654,2.03017166,1.0134812155957837,False,True,0,-891238,9873,8192,1,0,ns
clock-followup-04-multiclock-M,interval,60.27479427,61.094147326,60.785447423,1.013593626754323,2.013469301,2.039397347,1.0128772988925743,False,True,0,-891238,9873,8192,1,0,ns
clock-followup-04-multiclock-M,interval,62.287234599,63.132502013,63.272571826,1.0135704758678366,2.012440329,2.038354687,1.0128770814351933,False,True,0,-891238,9873,8192,1,0,ns
clock-followup-04-multiclock-M,interval,64.290588198,65.161653596,65.275925334,1.0135488789637033,2.003353599,2.029151583,1.0128773991834878,False,True,0,-891238,9873,8192,1,0,ns
clock-followup-04-multiclock-M,interval,66.294109051,67.192830379,67.279446304,1.0135565790213519,2.003520853,2.031176783,1.0138036646629303,False,True,0,53751,9859,8192,1,0,ns
clock-followup-04-multiclock-M,interval,68.297723249,69.225098009,69.283060608,1.0135784139775639,2.003614198,2.03226763,1.014300872906871,False,True,0,53751,9859,8192,1,0,ns
clock-followup-04-multiclock-M,end,68.559765598,69.490887472,69.545102481,1.0135811706163003,0.262042349,0.265789463,1.014299650473672,False,True,0,53751,9859,8192,1,0,ns
clock-followup-05-F-A1,start,0.0,0.0,0.0,,0.0,0.0,,False,True,0,53751,9859,8192,1,0,ns
clock-followup-05-F-A1,interval,2.006947512,2.035650025,2.006949482,1.0143015763134715,2.006947512,2.035650025,1.0143015763134715,False,True,0,53751,9859,8192,1,0,ns
clock-followup-05-F-A1,interval,4.010040201,4.067388574,4.010042123,1.0143011965280795,2.003092689,2.031738549,1.0143008160118148,False,True,0,53751,9859,8192,1,0,ns
clock-followup-05-F-A1,interval,6.02314612,6.110208152,6.023147781,1.0144545774360194,2.013105919,2.042819578,1.014760107115854,False,True,0,2491308,9853,8192,1,0,ns
clock-followup-05-F-A1,interval,8.02618959,8.143057083,8.026191292,1.0145607690535505,2.00304347,2.032848931,1.0148800869508838,False,True,0,2491308,9853,8192,1,0,ns
clock-followup-05-F-A1,interval,10.039307524,10.18613061,10.039309451,1.0146248220456444,2.013117934,2.043073527,1.0148801977738477,False,True,0,2491308,9853,8192,1,0,ns
clock-followup-05-F-A1,interval,12.04302719,12.219665961,12.043029017,1.0146673065013647,2.003719666,2.033535351,1.0148801678727448,False,True,0,2491308,9853,8192,1,0,ns
clock-followup-05-F-A1,interval,14.056443068,14.263793324,14.056445014,1.014751260685005,2.013415878,2.044127363,1.01525342346585,False,True,0,-784078,9849,8192,1,0,ns
clock-followup-05-F-A1,interval,16.059692893,16.297780507,16.059694578,1.0148251660592946,2.003249825,2.033987183,1.0153437467541022,False,True,0,-784078,9849,8192,1,0,ns
clock-followup-05-F-A1,interval,18.072962744,18.341941597,18.07296442,1.0148829418181198,2.013269851,2.04416109,1.0153438144343423,False,True,0,-784078,9849,8192,1,0,ns
clock-followup-05-F-A1,interval,20.076443216,20.376163334,20.076445113,1.0149289450713628,2.003480472,2.034221737,1.015343930439867,False,True,0,-784078,9849,8192,1,0,ns
clock-followup-05-F-A1,interval,22.088706638,22.417947387,22.08870836,1.0149053882780803,2.012263422,2.041784053,1.0146703610855576,False,True,0,-756364,9857,8192,1,0,ns
clock-followup-05-F-A1,interval,24.09345489,24.451802957,24.093456405,1.0148732536963279,2.004748252,2.03385557,1.014519188616806,False,True,0,-756364,9857,8192,1,0,ns
clock-followup-05-F-A1,interval,26.105678491,26.493243485,26.584952103,1.0148460034905284,2.012223601,2.041440528,1.0145197218566964,False,True,0,-756364,9857,8192,1,0,ns
clock-followup-05-F-A1,interval,28.109099433,28.525752548,28.588373014,1.0148227130503815,2.003420942,2.032509063,1.0145192257853517,False,True,0,-756364,9857,8192,1,0,ns
clock-followup-05-F-A1,interval,30.122805907,30.568708082,30.602078858,1.0148028100827213,2.013706474,2.042955534,1.0145249868228807,False,True,0,-1198125,9857,8192,1,0,ns
clock-followup-05-F-A1,interval,32.134944395,32.610075285,32.61421722,1.0147854897198432,2.012138488,2.041367203,1.0145261944813015,False,True,0,-1198125,9857,8192,1,0,ns
clock-followup-05-F-A1,interval,34.147695881,34.652064863,34.626969189,1.0147702200393742,2.012751486,2.041989578,1.0145264292205818,False,True,0,-1198125,9857,8192,1,0,ns
clock-followup-05-F-A1,interval,36.160436973,36.694043084,36.639709603,1.0147566278415945,2.012741092,2.041978221,1.0145260257845423,False,True,0,-1198125,9857,8192,1,0,ns
clock-followup-05-F-A1,end,36.922331132,37.467330533,37.401603615,1.0147606985878437,0.761894159,0.773287449,1.0149539012281625,False,True,0,-452602,9850,8192,1,0,ns
clock-followup-06-F-B1,start,0.0,0.0,0.0,,0.0,0.0,,False,True,0,-452602,9850,8192,1,0,ns
clock-followup-06-F-B1,interval,2.006691691,2.03726665,2.006694,1.0152365005232884,2.006691691,2.03726665,1.0152365005232884,False,True,0,-452602,9850,8192,1,0,ns
clock-followup-06-F-B1,interval,4.019377439,4.080616573,4.019379689,1.0152359749561704,2.012685748,2.043349923,1.015235450954264,False,True,0,-452602,9850,8192,1,0,ns
clock-followup-06-F-B1,interval,6.022287938,6.114042269,6.022289804,1.0152357927659088,2.002910499,2.033425696,1.0152354271522546,False,True,0,-452602,9850,8192,1,0,ns
clock-followup-06-F-B1,interval,8.025418223,8.147703384,8.025420088,1.0152372322042411,2.003130285,2.033661115,1.015241559787011,False,True,0,-2020652,9850,8192,1,0,ns
clock-followup-06-F-B1,interval,10.038060809,10.191059672,10.038062948,1.0152418744926135,2.012642586,2.043356288,1.0152603856311326,False,True,0,-2020652,9850,8192,1,0,ns
clock-followup-06-F-B1,interval,12.051293154,12.235013966,12.051295192,1.015244904397585,2.013232345,2.043954294,1.0152600116306993,False,True,0,-2020652,9850,8192,1,0,ns
clock-followup-06-F-B1,interval,14.064133289,14.278570447,14.06413512,1.0152470936952593,2.012840135,2.043556481,1.0152602014764576,False,True,0,-2020652,9850,8192,1,0,ns
clock-followup-06-F-B1,interval,16.07718543,16.32194565,16.077187633,1.015224071468584,2.013052141,2.043375203,1.0150632273165745,False,True,0,-407357,9857,8192,1,0,ns
clock-followup-06-F-B1,interval,18.080078318,18.353908229,18.080080422,1.0151453940731763,2.002892888,2.031962579,1.0145138520258203,False,True,0,-407357,9857,8192,1,0,ns
clock-followup-06-F-B1,interval,20.083863094,20.386775341,20.083864979,1.0150823696408533,2.003784776,2.032867112,1.0145137024436601,False,True,0,-407357,9857,8192,1,0,ns
clock-followup-06-F-B1,interval,22.086785266,22.418767865,22.08678739,1.015030824767018,2.002922172,2.031992524,1.0145139698418597,False,True,0,-407357,9857,8192,1,0,ns
clock-followup-06-F-B1,interval,24.099816236,24.460138404,24.099818476,1.01495124130705,2.01303097,2.041370539,1.014078059116994,False,True,0,-2639069,9873,8192,1,0,ns
clock-followup-06-F-B1,interval,26.137397923,26.524014341,26.137399767,1.014791694993471,2.037581687,2.063875937,1.0129046360044167,False,True,0,-2639069,9873,8192,1,0,ns
clock-followup-06-F-B1,interval,28.150028289,28.562617179,28.150030454,1.0146567842051237,2.012630366,2.038602838,1.012904740204044,False,True,0,-2639069,9873,8192,1,0,ns
clock-followup-06-F-B1,interval,30.153427243,30.591869682,30.153429773,1.0145403849276133,2.003398954,2.029252503,1.0129048430161054,False,True,0,-2639069,9873,8192,1,0,ns
clock-followup-06-F-B1,interval,32.167773987,32.628900652,32.167776027,1.0143350505131739,2.014346744,2.03703097,1.0112613312815026,False,True,0,2206009,9926,8192,1,0,ns
clock-followup-06-F-B1,interval,34.171270375,34.64726539,34.171273026,1.0139296844915735,2.003496388,2.018364738,1.0074212013004138,False,True,0,2206009,9926,8192,1,0,ns
clock-followup-06-F-B1,interval,36.184195764,36.675128206,36.184197771,1.0135675930232622,2.012925389,2.027862816,1.0074207554247308,False,True,0,2206009,9926,8192,1,0,ns
clock-followup-06-F-B1,end,37.19773036,37.696183934,37.850447496,1.0134001071886902,1.013534596,1.021055728,1.0074206958792358,False,True,0,2206009,9926,8192,1,0,ns
clock-followup-07-M-B1,start,0.0,0.0,0.0,,0.0,0.0,,False,True,0,2206009,9926,8192,1,0,ns
clock-followup-07-M-B1,interval,2.008316015,2.034264883,2.008317899,1.0129207095926085,2.008316015,2.034264883,1.0129207095926085,False,True,0,-402793,9858,8192,1,0,ns
clock-followup-07-M-B1,interval,4.021516895,4.077032119,4.021518809,1.013804548246216,2.01320088,2.042767236,1.0146862423386185,False,True,0,-2025960,9855,8192,1,0,ns
clock-followup-07-M-B1,interval,6.034415388,6.119611065,6.034417351,1.0141182983805554,2.012898493,2.042578946,1.014745131512203,False,True,0,-2025960,9855,8192,1,0,ns
clock-followup-07-M-B1,interval,8.047047846,8.161920355,8.047050087,1.0142751119663218,2.012632458,2.04230929,1.0147452814258449,False,True,0,-2025960,9855,8192,1,0,ns
clock-followup-07-M-B1,interval,10.060655159,10.205218489,10.060657171,1.0143691765312797,2.013607313,2.043298134,1.0147450899727637,False,True,0,-2025960,9855,8192,1,0,ns
clock-followup-07-M-B1,interval,12.074456615,12.256043561,12.074458707,1.0150389331619625,2.013801456,2.050825072,1.0183849385398398,False,True,0,320179,9813,8192,1,0,ns
clock-followup-07-M-B1,interval,14.087475392,14.307412692,14.087477358,1.0156122579724183,2.013018777,2.051369131,1.0190511655619792,False,True,0,320179,9813,8192,1,0,ns
clock-followup-07-M-B1,interval,16.100441797,16.358730594,16.100446463,1.0160423422075369,2.012966405,2.051317902,1.0190522290410506,False,True,0,320179,9813,8192,1,0,ns
clock-followup-07-M-B1,interval,18.113491885,18.410130125,18.113493938,1.0163766457557335,2.013050088,2.051399531,1.0190504166928607,False,True,0,320179,9813,8192,1,0,ns
clock-followup-07-M-B1,interval,20.118434652,20.445945997,20.118436609,1.0162791663797481,2.004942767,2.035815872,1.0153984969088148,False,True,0,-1403945,9854,8192,1,0,ns
clock-followup-07-M-B1,interval,22.132730896,22.490131147,22.132732701,1.0161480412281427,2.014296244,2.04418515,1.0148383864037032,False,True,0,-1403945,9854,8192,1,0,ns
clock-followup-07-M-B1,interval,24.205056198,24.593206498,24.205058249,1.0160359181496992,2.072325302,2.103075351,1.0148384276205689,False,True,0,-1403945,9854,8192,1,0,ns
clock-followup-07-M-B1,interval,26.218259641,26.636282454,26.218261569,1.0159439573306497,2.013203443,2.043075956,1.01483829818783,False,True,0,-1403945,9854,8192,1,0,ns
clock-followup-07-M-B1,interval,28.221524797,28.667621222,28.221527048,1.0158069568603685,2.003265156,2.031338768,1.0140139271708073,False,True,0,-2975147,9863,8192,1,0,ns
clock-followup-07-M-B1,interval,30.234630547,30.708783084,30.234632682,1.0156824319802065,2.01310575,2.041161862,1.0139367303481202,False,True,0,-2975147,9863,8192,1,0,ns
clock-followup-07-M-B1,interval,32.238071744,32.740146466,32.727440858,1.015573968753061,2.003441197,2.031363382,1.0139371123254386,False,True,0,-2975147,9863,8192,1,0,ns
clock-followup-07-M-B1,interval,34.241270035,34.771262931,34.730638769,1.0154781903667203,2.003198291,2.031116465,1.0139368000289495,False,True,0,-2975147,9863,8192,1,0,ns
clock-followup-07-M-B1,interval,36.244057388,36.802593697,36.73342627,1.015410424473749,2.002787353,2.031330766,1.01425184403988,False,True,0,1487718,9859,8192,1,0,ns
clock-followup-07-M-B1,interval,38.256800737,38.844075828,38.746169872,1.0153508678113803,2.012743349,2.041482131,1.0142784135961886,False,True,0,1487718,9859,8192,1,0,ns
clock-followup-07-M-B1,interval,40.270251823,40.886275618,40.759621219,1.0152972421853135,2.013451086,2.04219979,1.014278322527871,False,True,0,1487718,9859,8192,1,0,ns
clock-followup-07-M-B1,interval,42.282658295,42.927415697,42.772027321,1.015248743290964,2.012406472,2.041140079,1.0142782322556554,False,True,0,1487718,9859,8192,1,0,ns
clock-followup-07-M-B1,interval,44.291653171,44.965448797,44.781022042,1.0152126998601436,2.008994876,2.0380331,1.0144541055564145,False,True,0,2663359,9857,8192,1,0,ns
clock-followup-07-M-B1,interval,46.305286011,47.008210212,46.794654999,1.0151802150802614,2.01363284,2.042761415,1.0144656833268573,False,True,0,2663359,9857,8192,1,0,ns
clock-followup-07-M-B1,interval,48.30880637,49.040712674,48.798181531,1.0151505772755858,2.003520359,2.032502462,1.0144655894659667,False,True,0,2663359,9857,8192,1,0,ns
clock-followup-07-M-B1,interval,50.321788446,51.082813611,50.811157173,1.0151231740464999,2.012982076,2.042100937,1.0144655341680249,False,True,0,2663359,9857,8192,1,0,ns
clock-followup-07-M-B1,interval,52.335038871,53.125282845,52.824408208,1.015099711226887,2.013250425,2.042469234,1.0145132511272164,False,True,0,-497830,9857,8192,1,0,ns
clock-followup-07-M-B1,interval,54.338101298,55.157420089,54.827470331,1.0150781637824757,2.003062427,2.032137244,1.0145151826563614,False,True,0,-497830,9857,8192,1,0,ns
clock-followup-07-M-B1,interval,56.341575586,57.189975327,56.830944702,1.0150581472416405,2.003474288,2.032555238,1.0145152599033505,False,True,0,-497830,9857,8192,1,0,ns
clock-followup-07-M-B1,interval,58.35473877,59.232359897,58.844107621,1.015039414887265,2.013163184,2.04238457,1.014515160138156,False,True,0,-497830,9857,8192,1,0,ns
clock-followup-07-M-B1,interval,60.368895814,61.275700071,60.858265287,1.0150210509033315,2.014157044,2.043340174,1.0144890042645551,False,True,0,1249884,9857,8192,1,0,ns
clock-followup-07-M-B1,interval,62.382326224,63.318300467,62.87169561,1.015003836818126,2.01343041,2.042600396,1.014487705090339,False,True,0,1249884,9857,8192,1,0,ns
clock-followup-07-M-B1,interval,64.385899935,65.350901718,65.346876871,1.014987781237417,2.003573711,2.032601251,1.014487882247922,False,True,0,1249884,9857,8192,1,0,ns
clock-followup-07-M-B1,interval,66.399281941,67.393454974,67.360261303,1.0149726473530751,2.013382006,2.042553256,1.014488681190687,False,True,0,1249884,9857,8192,1,0,ns
clock-followup-07-M-B1,interval,68.402071628,69.425254147,69.363048948,1.0149583557142028,2.002789687,2.031799173,1.0144845393344588,False,True,0,1419964,9857,8192,1,0,ns
clock-followup-07-M-B1,interval,70.41624181,71.468599179,71.377218437,1.0149448102021619,2.014170182,2.043345032,1.0144847988818058,False,True,0,1419964,9857,8192,1,0,ns
clock-followup-07-M-B1,interval,72.419578157,73.500954334,73.380554902,1.014932097155491,2.003336347,2.032355155,1.0144852401063136,False,True,0,1419964,9857,8192,1,0,ns
clock-followup-07-M-B1,interval,74.423245541,75.53364542,75.384222403,1.014920067929425,2.003667384,2.032691086,1.014485289440635,False,True,0,1419964,9857,8192,1,0,ns
clock-followup-07-M-B1,interval,76.436292812,77.575921613,77.397270553,1.014909524769902,2.013047271,2.042276193,1.0145197395118697,False,True,0,-791731,9857,8192,1,0,ns
clock-followup-07-M-B1,interval,78.449320702,79.618177934,79.410297397,1.0148995201174535,2.01302789,2.042256321,1.0145196353936259,False,True,0,-791731,9857,8192,1,0,ns
clock-followup-07-M-B1,interval,80.453670634,81.651630679,81.414647409,1.0148900607711207,2.004349932,2.033452745,1.0145198263713167,False,True,0,-791731,9857,8192,1,0,ns
clock-followup-07-M-B1,interval,82.466576194,83.693766194,83.427552934,1.0148810591713313,2.01290556,2.042135515,1.014521274907701,False,True,0,-9685386,9857,8192,1,0,ns
clock-followup-07-M-B1,interval,84.479865764,85.736569848,85.440842668,1.0148757822072147,2.01328957,2.042803654,1.0146596318978596,False,True,0,-9685386,9857,8192,1,0,ns
clock-followup-07-M-B1,end,85.482783026,86.754189073,86.443759298,1.0148732411603083,1.002917262,1.017619225,1.0146591982779134,False,True,0,-9685386,9857,8192,1,0,ns
clock-followup-08-M-A1,start,0.0,0.0,0.0,,0.0,0.0,,False,True,0,-9685386,9857,8192,1,0,ns
clock-followup-08-M-A1,interval,2.007587166,2.037019065,2.007589319,1.0146603343050062,2.007587166,2.037019065,1.0146603343050062,False,True,0,-9685386,9857,8192,1,0,ns
clock-followup-08-M-A1,interval,4.021224417,4.080175344,4.021226256,1.0146599445558873,2.013637251,2.043156279,1.0146595559777913,False,True,0,-9685386,9857,8192,1,0,ns
clock-followup-08-M-A1,interval,6.024189998,6.112418676,6.024191439,1.0146457329581722,2.002965581,2.032243332,1.0146172012528456,False,True,0,-4639386,9857,8192,1,0,ns
clock-followup-08-M-A1,interval,8.037168189,8.154747184,8.037169783,1.014629405809987,2.012978191,2.042328508,1.0145805439578157,False,True,0,-4639386,9857,8192,1,0,ns
clock-followup-08-M-A1,interval,10.049917072,10.196842968,10.049919241,1.0146196127736566,2.012748883,2.042095784,1.0145805079053172,False,True,0,-4639386,9857,8192,1,0,ns
clock-followup-08-M-A1,interval,12.053075999,12.229208123,12.53498715,1.014613043509774,2.003158927,2.032365155,1.0145800852874616,False,True,0,-4639386,9857,8192,1,0,ns
clock-followup-08-M-A1,interval,14.056042569,14.261362523,14.537954965,1.014607237634071,2.00296657,2.0321544,1.014572300125808,False,True,0,-3645359,9857,8192,1,0,ns
clock-followup-08-M-A1,interval,16.069636024,16.304282527,16.551547339,1.0146018554900407,2.013593455,2.042920004,1.014564285023463,False,True,0,-3645359,9857,8192,1,0,ns
clock-followup-08-M-A1,interval,18.081904958,18.345860253,18.56381723,1.0145977592301867,2.012268934,2.041577726,1.0145650471986065,False,True,0,-3645359,9857,8192,1,0,ns
clock-followup-08-M-A1,interval,20.094944174,20.388218178,20.576855449,1.0145944174544888,2.013039216,2.042357925,1.014564400319164,False,True,0,-3645359,9857,8192,1,0,ns
clock-followup-08-M-A1,interval,22.108670706,22.431377949,22.590581937,1.0145964109417225,2.013726532,2.043159771,1.014616303918272,False,True,0,-9503639,9857,8192,1,0,ns
clock-followup-08-M-A1,interval,24.120831803,24.473030474,24.602742727,1.0146014314048737,2.012161097,2.041652525,1.014656593870128,False,True,0,-9503639,9857,8192,1,0,ns
clock-followup-08-M-A1,interval,26.133061871,26.514753629,26.614973154,1.0146057036823368,2.012230068,2.041723155,1.014656915960566,False,True,0,-9503639,9857,8192,1,0,ns
clock-followup-08-M-A1,interval,28.136334581,28.547387787,28.618246268,1.0146093374322318,2.00327271,2.032634158,1.0146567403696125,False,True,0,-9503639,9857,8192,1,0,ns
clock-followup-08-M-A1,interval,30.139517519,30.580108565,30.62142862,1.014618384176928,2.003182938,2.032720778,1.0147454530685502,False,True,0,317305,9854,8192,1,0,ns
clock-followup-08-M-A1,interval,32.152860706,32.623271708,32.634771475,1.0146304556319685,2.013343187,2.043163143,1.0148111639349642,False,True,0,317305,9854,8192,1,0,ns
clock-followup-08-M-A1,interval,34.166370851,34.666604769,34.648281757,1.0146411194850493,2.013510145,2.043333061,1.014811405879457,False,True,0,317305,9854,8192,1,0,ns
clock-followup-08-M-A1,interval,36.179669732,36.709723748,36.661581206,1.0146506040526728,2.013298881,2.043118979,1.0148115604103394,False,True,0,317305,9854,8192,1,0,ns
clock-followup-08-M-A1,interval,38.183155878,38.742750433,38.665066816,1.0146555344138648,2.003486146,2.033026685,1.0147445686405059,False,True,0,7479058,9854,8192,1,0,ns
clock-followup-08-M-A1,interval,40.197087997,40.786285467,40.678999334,1.0146577152564875,2.013932119,2.043535034,1.014699062952876,False,True,0,7479058,9854,8192,1,0,ns
clock-followup-08-M-A1,interval,42.210752568,42.829548084,42.692663786,1.014659665567515,2.013664571,2.043262617,1.0146985979821361,False,True,0,7479058,9854,8192,1,0,ns
clock-followup-08-M-A1,interval,44.224546971,44.872943266,44.706458516,1.0146614570280432,2.013794403,2.043395182,1.014699007483536,False,True,0,7479058,9854,8192,1,0,ns
clock-followup-08-M-A1,interval,46.22751909,46.904960439,46.709429949,1.014654503688184,2.002972119,2.032017173,1.014500977684353,False,True,0,1907841,9858,8192,1,0,ns
clock-followup-08-M-A1,interval,48.240575771,48.94695454,48.722487177,1.014642834537324,2.013056681,2.041994101,1.014374865980239,False,True,0,1907841,9858,8192,1,0,ns
clock-followup-08-M-A1,interval,50.254300759,50.989625534,50.736211687,1.0146320765366197,2.013724988,2.042670994,1.0143743590472842,False,True,0,1907841,9858,8192,1,0,ns
clock-followup-08-M-A1,interval,52.26673215,53.030984732,52.748643001,1.0146221611828854,2.012431391,2.041359198,1.014374555639199,False,True,0,1907841,9858,8192,1,0,ns
clock-followup-08-M-A1,interval,54.270198419,55.058871324,54.752109788,1.0145323387047702,2.003466269,2.027886592,1.0121890362607349,False,True,0,2183163,9892,8192,1,0,ns
clock-followup-08-M-A1,interval,56.273192235,57.083665422,56.755103443,1.014402473981135,2.002993816,2.024794098,1.0108838488795415,False,True,0,2183163,9892,8192,1,0,ns
clock-followup-08-M-A1,interval,58.285587624,59.117963463,59.423121325,1.0142809890563282,2.012395389,2.034298041,1.0108838710919945,False,True,0,2183163,9892,8192,1,0,ns
clock-followup-08-M-A1,interval,60.290384253,61.144580626,61.42791888,1.0141680366377412,2.004796629,2.026617163,1.0108841633532097,False,True,0,2183163,9892,8192,1,0,ns
clock-followup-08-M-A1,interval,62.303396002,63.183914552,63.440930091,1.014132753694064,2.013011749,2.039333926,1.013076017570725,False,True,0,-2046310,9859,8192,1,0,ns
clock-followup-08-M-A1,interval,64.316547401,65.225921581,65.454080931,1.0141390391236371,2.013151399,2.042007029,1.014333561804807,False,True,0,-2046310,9859,8192,1,0,ns
clock-followup-08-M-A1,interval,66.319373668,67.257455914,67.456907071,1.014144920166106,2.002826267,2.031534333,1.0143337774588914,False,True,0,-2046310,9859,8192,1,0,ns
clock-followup-08-M-A1,interval,68.333070334,69.300016855,69.470604162,1.01415049135468,2.013696666,2.042560941,1.01433397367506,False,True,0,-2046310,9859,8192,1,0,ns
clock-followup-08-M-A1,end,69.086669697,70.064425681,70.224202937,1.0141525997459169,0.753599363,0.764408826,1.0143437793749834,False,True,0,1245168,9857,8192,1,0,ns
clock-followup-09-M-A2,start,0.0,0.0,0.0,,0.0,0.0,,False,True,0,1245168,9857,8192,1,0,ns
clock-followup-09-M-A2,interval,2.019264231,2.048520736,2.019266297,1.0144886957094819,2.019264231,2.048520736,1.0144886957094819,False,True,0,1245168,9857,8192,1,0,ns
clock-followup-09-M-A2,interval,4.032258165,4.090678608,4.032260189,1.0144882695029525,2.012993934,2.042157872,1.0144878419688275,False,True,0,1245168,9857,8192,1,0,ns
clock-followup-09-M-A2,interval,6.035419003,6.1228606,6.035420327,1.0144880739773885,2.003160838,2.032181992,1.0144876803946383,False,True,0,1245168,9857,8192,1,0,ns
clock-followup-09-M-A2,interval,8.03934228,8.155829965,8.039344228,1.014489703379068,2.003923277,2.032969365,1.0144946108133859,False,True,0,-6897673,9857,8192,1,0,ns
clock-followup-09-M-A2,interval,10.052478144,10.19838914,10.052479696,1.014514927952078,2.013135864,2.042559175,1.0146156608335104,False,True,0,-6897673,9857,8192,1,0,ns
clock-followup-09-M-A2,interval,12.065294374,12.240624032,12.065295945,1.0145317347894822,2.01281623,2.042234892,1.0146156720924295,False,True,0,-6897673,9857,8192,1,0,ns
clock-followup-09-M-A2,interval,14.078753623,14.283512417,14.078755742,1.0145438154174027,2.013459249,2.042888385,1.0146162064191844,False,True,0,-6897673,9857,8192,1,0,ns
clock-followup-09-M-A2,interval,16.092429217,16.326587696,16.092431032,1.0145508472240248,2.013675594,2.043075279,1.0146000105913784,False,True,0,6750706,9857,8192,1,0,ns
clock-followup-09-M-A2,interval,18.105423911,18.368572305,18.105425414,1.0145342299243336,2.012994694,2.041984609,1.0144013866933719,False,True,0,6750706,9857,8192,1,0,ns
clock-followup-09-M-A2,interval,20.118118827,20.410252797,20.118120413,1.014520938687763,2.012694916,2.041680492,1.0144013758715131,False,True,0,6750706,9857,8192,1,0,ns
clock-followup-09-M-A2,interval,22.120935105,22.441913026,22.597987986,1.014510142517775,2.002816278,2.031660229,1.0144016959103224,False,True,0,6750706,9857,8192,1,0,ns
clock-followup-09-M-A2,interval,24.133328123,24.483286762,24.610380902,1.014501051708093,2.012393018,2.041373736,1.014401122315959,False,True,0,6949803,9857,8192,1,0,ns
clock-followup-09-M-A2,interval,26.146076796,26.525015126,26.623129012,1.0144931238807489,2.012748673,2.041728364,1.0143980673736108,False,True,0,6949803,9857,8192,1,0,ns
clock-followup-09-M-A2,interval,28.150186627,28.557981682,28.627239605,1.014486406800901,2.004109831,2.032966556,1.0143987742356422,False,True,0,6949803,9857,8192,1,0,ns
clock-followup-09-M-A2,interval,30.162945017,30.59972028,30.639998188,1.014480524456542,2.01275839,2.041738598,1.0143982547254466,False,True,0,6949803,9857,8192,1,0,ns
clock-followup-09-M-A2,interval,32.166134298,32.631812943,32.643187163,1.0144772959251418,2.003189281,2.032092663,1.0144286824386217,False,True,0,792714,9855,8192,1,0,ns
clock-followup-09-M-A2,interval,34.169522647,34.664652575,34.646575293,1.0144903964013519,2.003388349,2.032839632,1.014700735888127,False,True,0,792714,9855,8192,1,0,ns
clock-followup-09-M-A2,interval,36.182809427,36.707536628,36.659862523,1.0145021132772636,2.01328678,2.042884053,1.0147009722082414,False,True,0,792714,9855,8192,1,0,ns
clock-followup-09-M-A2,interval,38.186377284,38.74055815,38.663429515,1.0145125279069664,2.003567857,2.033021522,1.0147006076670153,False,True,0,792714,9855,8192,1,0,ns
clock-followup-09-M-A2,interval,40.189338138,40.772985467,40.666390356,1.014522441922181,2.002960854,2.032427317,1.0147114522688518,False,True,0,-5477728,9855,8192,1,0,ns
clock-followup-09-M-A2,interval,42.201529886,42.814956722,42.678582466,1.0145356539835655,2.012191748,2.041971255,1.0147995373848437,False,True,0,-5477728,9855,8192,1,0,ns
clock-followup-09-M-A2,interval,44.215726408,44.858962709,44.692779558,1.0145476814078445,2.014196522,2.044005987,1.0147996805050583,False,True,0,-5477728,9855,8192,1,0,ns
clock-followup-09-M-A2,interval,46.279349412,46.953126191,46.756402511,1.0145589077539041,2.063623004,2.094163482,1.0147994463818255,False,True,0,-5477728,9855,8192,1,0,ns
clock-followup-09-M-A2,interval,48.291795235,48.995232263,48.768847859,1.0145663880287923,2.012445823,2.042106072,1.0147384086870894,False,True,0,100336,9858,8192,1,0,ns
clock-followup-09-M-A2,interval,50.296900084,51.029217101,50.77395304,1.0145598837259746,2.005104849,2.033984838,1.01440323133945,False,True,0,100336,9858,8192,1,0,ns
clock-followup-09-M-A2,interval,52.309975147,53.071285987,52.787027818,1.0145538367751197,2.013075063,2.042068886,1.0144027530482602,False,True,0,100336,9858,8192,1,0,ns
clock-followup-09-M-A2,interval,54.323721227,55.114036389,55.268806333,1.0145482515584223,2.01374608,2.042750402,1.014403167453962,False,True,0,100336,9858,8192,1,0,ns
clock-followup-09-M-A2,interval,56.336031868,57.155328429,57.281116335,1.0145430292804378,2.012310641,2.04129204,1.0144020502647633,False,True,0,375910,9858,8192,1,0,ns
clock-followup-09-M-A2,interval,58.348688122,59.196964162,59.293772627,1.0145380481944404,2.012656254,2.041635733,1.0143986231838675,False,True,0,375910,9858,8192,1,0,ns
clock-followup-09-M-A2,interval,60.36213238,61.239399248,61.307216933,1.0145333975691466,2.013444258,2.042435086,1.0143986245880963,False,True,0,375910,9858,8192,1,0,ns
clock-followup-09-M-A2,interval,62.375241679,63.281494803,63.320326418,1.0145290519059442,2.013109299,2.042095555,1.0143987492454576,False,True,0,375910,9858,8192,1,0,ns
clock-followup-09-M-A2,interval,64.378795007,65.314042967,65.32387927,1.0145272672453456,2.003553328,2.032548164,1.0144717066397944,False,True,0,1740465,9854,8192,1,0,ns
clock-followup-09-M-A2,interval,66.391635562,67.356651806,67.336720331,1.0145352081754155,2.012840555,2.042608839,1.014789191287931,False,True,0,1740465,9854,8192,1,0,ns
clock-followup-09-M-A2,interval,68.404168237,69.398947657,69.349252806,1.0145426725540085,2.012532675,2.042295851,1.0147889156631953,False,True,0,1740465,9854,8192,1,0,ns
clock-followup-09-M-A2,interval,70.417360273,71.441912881,71.362445011,1.0145497162067412,2.013192036,2.042965224,1.0147890451917128,False,True,0,1740465,9854,8192,1,0,ns
clock-followup-09-M-A2,interval,72.430593933,73.485021978,73.37567847,1.0145577716230711,2.01323366,2.043109097,1.014839527866825,False,True,0,-605225,9852,8192,1,0,ns
clock-followup-09-M-A2,interval,74.443589916,75.528277535,75.388675156,1.0145705979550952,2.012995983,2.043255557,1.0150321084868255,False,True,0,-605225,9852,8192,1,0,ns
clock-followup-09-M-A2,interval,76.456840838,77.57179072,77.401925246,1.014582735433215,2.013250922,2.043513185,1.0150315406138928,False,True,0,-605225,9852,8192,1,0,ns
clock-followup-09-M-A2,interval,78.459711847,79.604768634,79.404796323,1.014594200769344,2.002871009,2.032977914,1.0150318741769755,False,True,0,-605225,9852,8192,1,0,ns
clock-followup-09-M-A2,interval,80.472483391,81.647529562,81.417568037,1.014601838062965,2.012771544,2.042760928,1.014899546890653,False,True,0,-2452577,9858,8192,1,0,ns
clock-followup-09-M-A2,end,82.225390029,83.425753245,83.17047414,1.0145984496464735,1.752906638,1.778223683,1.0144428941343309,False,True,0,-2452577,9858,8192,1,0,ns
clock-followup-10-M-B2,start,0.0,0.0,0.0,,0.0,0.0,,False,True,0,-2452577,9858,8192,1,0,ns
clock-followup-10-M-B2,interval,2.006366423,2.035345993,2.00636833,1.0144438073064783,2.006366423,2.035345993,1.0144438073064783,False,True,0,-2452577,9858,8192,1,0,ns
clock-followup-10-M-B2,interval,4.019867859,4.077928458,4.475726553,1.0144434098424429,2.013501436,2.042582465,1.014443013786855,False,True,0,-2452577,9858,8192,1,0,ns
clock-followup-10-M-B2,interval,6.032116657,6.119237951,6.487975213,1.0144429060235265,2.012248798,2.041309493,1.0144418995448694,False,True,0,-1872181,9858,8192,1,0,ns
clock-followup-10-M-B2,interval,8.044921489,8.161095319,8.500779874,1.0144406418582017,2.012804832,2.041857368,1.014433856446545,False,True,0,-1872181,9858,8192,1,0,ns
clock-followup-10-M-B2,interval,10.04825174,10.193341623,10.504110131,1.0144393160874372,2.003330251,2.032246304,1.0144339920917014,False,True,0,-1872181,9858,8192,1,0,ns
clock-followup-10-M-B2,interval,12.050973282,12.224970581,12.506831981,1.014438443678229,2.002721542,2.031628958,1.0144340665408391,False,True,0,-1872181,9858,8192,1,0,ns
clock-followup-10-M-B2,interval,14.053938055,14.256964859,14.509796257,1.0144462572131352,2.002964773,2.031994278,1.0144932678753606,False,True,0,2066777,9853,8192,1,0,ns
clock-followup-10-M-B2,interval,16.066712097,16.299703174,16.522570731,1.0145014783107682,2.012774042,2.042738315,1.014887052582527,False,True,0,2066777,9853,8192,1,0,ns
clock-followup-10-M-B2,interval,18.079620495,18.342577547,18.535479189,1.0145443900259257,2.012908398,2.042874373,1.0148869044561462,False,True,0,2066777,9853,8192,1,0,ns
clock-followup-10-M-B2,interval,20.092296095,20.385215535,20.548154859,1.0145786941728823,2.0126756,2.042637988,1.0148868441590886,False,True,0,2066777,9853,8192,1,0,ns
clock-followup-10-M-B2,interval,22.104637475,22.427543904,22.560496635,1.014608085265601,2.01234138,2.042328369,1.0149015417056124,False,True,0,2487320,9852,8192,1,0,ns
clock-followup-10-M-B2,interval,24.108077087,24.461000902,24.563935459,1.0146392353785159,2.003439612,2.033456998,1.014982925275214,False,True,0,2487320,9852,8192,1,0,ns
clock-followup-10-M-B2,interval,26.111338146,26.49427751,26.567196884,1.0146656353595827,2.003261059,2.033276608,1.0149833437160622,False,True,0,2487320,9852,8192,1,0,ns
clock-followup-10-M-B2,interval,28.114215594,28.527164962,28.570074674,1.01468827634971,2.002877448,2.032887452,1.014983444958136,False,True,0,2487320,9852,8192,1,0,ns
clock-followup-10-M-B2,interval,30.126919601,30.569858844,30.582778511,1.0147024405039171,2.012704007,2.042693882,1.014900290800683,False,True,0,3081350,9857,8192,1,0,ns
clock-followup-10-M-B2,interval,32.130026265,32.601928429,32.585884829,1.0146872635617499,2.003106664,2.032069585,1.0144590008712586,False,True,0,3081350,9857,8192,1,0,ns
clock-followup-10-M-B2,interval,34.143046901,34.644055519,34.598905556,1.014673811023741,2.013020636,2.04212709,1.0144590937020084,False,True,0,3081350,9857,8192,1,0,ns
clock-followup-10-M-B2,interval,36.145892317,36.675859973,36.601750722,1.0146619054622357,2.002845416,2.031804454,1.0144589481388113,False,True,0,3081350,9857,8192,1,0,ns
clock-followup-10-M-B2,interval,38.159118025,38.717902888,38.614976451,1.0146435476478757,2.013225708,2.042042915,1.0143139474553144,False,True,0,-1152469,9866,8192,1,0,ns
clock-followup-10-M-B2,interval,40.171674425,40.757830812,40.627534007,1.0145912859095367,2.0125564,2.039927924,1.013600376118652,False,True,0,-1152469,9866,8192,1,0,ns
clock-followup-10-M-B2,interval,42.175112966,42.788515719,42.630971489,1.0145441875518983,2.003438541,2.030684907,1.0135998012628828,False,True,0,-1152469,9866,8192,1,0,ns
clock-followup-10-M-B2,interval,44.187903532,44.828680609,44.643762506,1.0145011875599839,2.012790566,2.04016489,1.0136001849682754,False,True,0,-1152469,9866,8192,1,0,ns
clock-followup-10-M-B2,interval,46.200154419,46.866719624,46.656012978,1.014427770066627,2.012250887,2.038039015,1.0128155629929658,False,True,0,1705509,9907,8192,1,0,ns
clock-followup-10-M-B2,interval,48.212748645,48.898153129,48.668607033,1.0142162499186007,2.012594226,2.031433505,1.0093606941511715,False,True,0,1705509,9907,8192,1,0,ns
clock-followup-10-M-B2,interval,50.226321174,50.930574671,50.682179992,1.014021602230437,2.013572529,2.032421542,1.0093609804109518,False,True,0,1705509,9907,8192,1,0,ns
clock-followup-10-M-B2,interval,52.238938328,52.962031178,52.694796648,1.013842028056922,2.012617154,2.031456507,1.0093606242809556,False,True,0,1705509,9907,8192,1,0,ns
clock-followup-10-M-B2,interval,54.315043476,55.016302548,54.770902219,1.0129109548132804,2.076105148,2.05427137,0.9894832985597896,False,True,0,2174330,10833,8192,1,0,ns
clock-followup-10-M-B2,interval,56.426718388,56.965541048,56.882577195,1.0095490695789708,2.111674912,1.9492385,0.923076979758142,False,True,0,2174330,10833,8192,1,0,ns
clock-followup-10-M-B2,interval,58.537933442,58.914355252,58.993792327,1.0064303911646106,2.111215054,1.948814204,0.9230770689644769,False,True,0,2174330,10833,8192,1,0,ns
clock-followup-10-M-B2,interval,60.584756316,60.915673743,61.040614809,1.0054620575722708,2.046822874,2.001318491,0.9777682848975237,False,True,0,-9047,10000,8192,1,0,ns
clock-followup-10-M-B2,interval,62.598375309,62.929293034,63.054233852,1.005286362838756,2.013618993,2.013619291,1.0000001479922471,False,True,0,-10521,10000,8192,1,0,ns
clock-followup-10-M-B2,interval,64.611834538,64.942752802,65.067693453,1.0051216354769401,2.013459229,2.013459768,1.0000002676984925,False,True,0,-10521,10000,8192,1,0,ns
clock-followup-10-M-B2,interval,66.624524729,66.955442917,67.080382998,1.004966912549786,2.012690191,2.012690115,0.9999999622395933,False,True,0,-10521,10000,8192,1,0,ns
clock-followup-10-M-B2,interval,68.627870017,68.95878909,69.083729166,1.0048219341925957,2.003345288,2.003346173,1.0000004417610913,False,True,307348250,-10521,10000,8193,1,0,ns
clock-followup-10-M-B2,interval,70.693809432,70.960013996,71.149668816,1.0037655993663217,2.065939415,2.001224906,0.9686755049397227,False,True,235313,-8828,10000,0,1,0,us
clock-followup-10-M-B2,interval,72.745026369,72.955211056,73.200885057,1.0028893341234606,2.051216937,1.99519706,0.9726894430376869,False,True,180161,-8828,10000,0,1,0,us
clock-followup-10-M-B2,interval,74.787823174,74.955275209,75.243681884,1.0022390280649087,2.042796805,2.000064153,0.9790813007464048,False,True,137936,-8828,10000,0,1,0,us
clock-followup-10-M-B2,interval,76.82202152,76.956920859,77.277879696,1.0017559982975046,2.034198346,2.00164565,0.9839972851890224,False,True,105607,-8828,10000,0,1,0,us
clock-followup-10-M-B2,interval,78.839429904,78.969922413,79.295288399,1.0016551680949355,2.017408384,2.013001554,0.9978155984504922,False,True,80855,355739,9705,0,1,0,us
clock-followup-10-M-B2,interval,80.85283926,81.024478818,81.308697927,1.0021228637060977,2.013409356,2.054556405,1.0204365043190948,False,True,54167,355739,9705,0,1,0,us
clock-followup-10-M-B2,interval,82.871855071,83.058913609,83.327713651,1.002257202253283,2.019015811,2.034434791,1.007636879273552,False,True,41471,-9526,10000,0,1,0,us
clock-followup-10-M-B2,end,83.386081292,83.570110807,83.841939274,1.002206957230135,0.514226221,0.511197198,0.994109551640308,False,True,41471,-9526,10000,0,1,0,us
clock-followup-11-F-B2,start,0.0,0.0,0.0,,0.0,0.0,,False,True,41471,-9526,10000,0,1,0,us
clock-followup-11-F-B2,interval,2.014268641,2.003928434,2.01427089,0.9948665203888263,2.014268641,2.003928434,0.9948665203888263,False,True,31751,-9526,10000,0,1,0,us
clock-followup-11-F-B2,interval,4.029850496,4.050120306,4.029852309,1.0050299161271914,2.015581855,2.046191872,1.0151866900984778,False,True,24309,453975,9699,0,1,0,us
clock-followup-11-F-B2,interval,6.032631347,6.108639313,6.032633163,1.0125994713795663,2.002780851,2.058519007,1.0278303819272938,False,True,18612,453975,9699,0,1,0,us
clock-followup-11-F-B2,interval,8.047701702,8.139564631,8.047703747,1.0114148029340069,2.015070355,2.030925318,1.0078681932671278,False,True,14250,-9530,10000,0,1,0,us
clock-followup-11-F-B2,interval,10.063148216,10.151466358,10.063150201,1.008776392844893,2.015446514,2.011901727,0.9982411902397922,False,True,10910,-9530,10000,0,1,0,us
clock-followup-11-F-B2,interval,12.076451461,12.191187329,12.076453646,1.0095007932065583,2.013303245,2.039720971,1.0131215831820706,False,True,8353,-1455295,9778,0,1,0,us
clock-followup-11-F-B2,interval,14.079654265,14.237761666,14.079656154,1.0112294945617402,2.003202804,2.046574337,1.021651094394135,False,True,6395,-1455295,9778,0,1,0,us
clock-followup-11-F-B2,interval,16.083332611,16.257754546,16.083334791,1.010844887637324,2.003678346,2.01999288,1.008142291916549,False,True,4896,-9530,10000,0,1,0,us
clock-followup-11-F-B2,interval,18.104285207,18.250330788,18.104287219,1.0080669067753931,2.020952596,1.992576242,0.9859589215223731,False,True,301771759,-9530,10000,8193,1,0,ns
clock-followup-11-F-B2,interval,20.146831985,20.22281387,20.14683383,1.003771406097821,2.042546778,1.972483082,0.9656978744601363,False,True,231044,-2753247,9978,0,1,0,us
clock-followup-11-F-B2,interval,22.17406314,22.198820169,22.174067458,1.001116485907147,2.027231155,1.976006299,0.9747316156454788,False,True,176893,-2753247,9978,0,1,0,us
clock-followup-11-F-B2,interval,24.196162471,24.182718556,24.196165915,0.9994443782142679,2.022099331,1.983898387,0.9811082752393234,False,True,135433,-2753247,9978,0,1,0,us
clock-followup-11-F-B2,interval,26.213650506,26.172014156,26.213652497,0.9984116538827558,2.017488035,1.9892956,0.9860259716484514,False,True,103691,-2753247,9978,0,1,0,us
clock-followup-11-F-B2,interval,28.229547973,28.257768275,28.229550025,1.0009996724718013,2.015897467,2.085754119,1.0346528794958798,False,True,79388,1108,9308,0,1,0,us
clock-followup-11-F-B2,interval,30.240787612,30.298385172,30.240790162,1.0019046316100955,2.011239639,2.040616897,1.0146065428655766,False,True,60782,-9479,10000,0,1,0,us
clock-followup-11-F-B2,interval,32.259851174,32.302773547,32.259853055,1.0013305198703024,2.019063562,2.004388375,0.9927316864727809,False,True,46536,-9479,10000,0,1,0,us
clock-followup-11-F-B2,interval,34.269612475,34.301360227,34.269614507,1.0009264111761742,2.009761301,1.99858668,0.9944398267622927,False,True,35629,-9479,10000,0,1,0,us
clock-followup-11-F-B2,interval,36.274315369,36.345030523,36.274317105,1.0019494552352166,2.004702894,2.043670296,1.019437993588291,False,True,27278,-1508581,9643,0,1,0,us
clock-followup-11-F-B2,interval,38.288152965,38.41364998,38.288155369,1.00327769832916,2.013837596,2.068619457,1.0272027203726908,False,True,20885,-9530,10000,0,1,0,us
clock-followup-11-F-B2,interval,40.304581343,40.425052409,40.304583388,1.0029890166821178,2.016428378,2.011402429,0.997507499371247,False,True,15990,-9530,10000,0,1,0,us
clock-followup-11-F-B2,end,40.818038667,40.937445778,40.818040253,1.002925351508781,0.513457324,0.512393369,0.9979278608946281,False,True,13991,-9530,10000,0,1,0,us
clock-followup-12-F-A2,start,0.0,0.0,0.0,,0.0,0.0,,False,True,13991,-9530,10000,0,1,0,us
clock-followup-12-F-A2,interval,2.010898866,2.007329488,2.010900615,0.9982249838316832,2.010898866,2.007329488,0.9982249838316832,False,True,10712,-9530,10000,0,1,0,us
clock-followup-12-F-A2,interval,4.023999013,4.051890566,4.024000966,1.0069313021474142,2.013100147,2.044561078,1.0156281002944063,False,True,8201,-368009,9820,0,1,0,us
clock-followup-12-F-A2,interval,6.036038887,6.097815389,6.036040558,1.0102346096763972,2.012039874,2.045924823,1.016841092186029,False,True,6279,-9530,10000,0,1,0,us
clock-followup-12-F-A2,interval,8.04103165,8.101216247,8.041034082,1.0074846859979714,2.004992763,2.003400858,0.999206029553135,False,True,4807,-9530,10000,0,1,0,us
clock-followup-12-F-A2,interval,10.092057921,10.097131827,10.092059687,1.0005027622750204,2.051026271,1.99591558,0.9731301876630131,False,True,243387944,-9530,10000,8193,1,0,ns
clock-followup-12-F-A2,interval,12.126088928,12.083806692,12.126091215,0.9965131184299361,2.034031007,1.986674865,0.976718082547893,False,True,186343,124508,9929,0,1,0,us
clock-followup-12-F-A2,interval,14.164042047,14.089352235,14.16404401,0.9947268010252892,2.037953119,2.005545543,0.9840979776728613,False,True,142669,124508,9929,0,1,0,us
clock-followup-12-F-A2,interval,16.192708657,16.096681753,16.192710447,0.9940697442266097,2.02866661,2.007329518,0.9894822087104791,False,True,109231,124508,9929,0,1,0,us
clock-followup-12-F-A2,interval,18.219018137,18.100524765,18.219020226,0.9934961713573709,2.02630948,2.003843012,0.9889126176323272,False,True,83630,-9528,10000,0,1,0,us
clock-followup-12-F-A2,interval,20.233054498,20.130323654,20.233057451,0.9949226230765031,2.014036361,2.029798889,1.007826337351811,False,True,64029,152127,9813,0,1,0,us
clock-followup-12-F-A2,interval,22.279387434,22.199042425,22.279389414,0.9963937514333365,2.046332936,2.068718771,1.0109394881967533,False,True,49022,152127,9813,0,1,0,us
clock-followup-12-F-A2,interval,24.2879342,24.203976317,24.287936283,0.9965432266775492,2.008546766,2.004933892,0.998201249748745,False,True,37532,-9528,10000,0,1,0,us
clock-followup-12-F-A2,interval,26.294749894,26.201622437,26.294751892,0.9964583250506122,2.006815694,1.99764612,0.9954307841883958,False,True,28736,-9528,10000,0,1,0,us
clock-followup-12-F-A2,interval,28.30715599,28.272649759,28.307158183,0.9987810067881002,2.012406096,2.071027322,1.0291299187159688,False,True,22001,-1187741,9681,0,1,0,us
clock-followup-12-F-A2,interval,30.312429201,30.307705597,30.312431265,0.9998441694009848,2.005273211,2.035055838,1.0148521542284743,False,True,16844,-9530,10000,0,1,0,us
clock-followup-12-F-A2,interval,32.326786888,32.317935576,32.326789444,0.9997261926454162,2.014357687,2.010229979,0.9979508564806346,False,True,12896,-9530,10000,0,1,0,us
clock-followup-12-F-A2,interval,34.332271838,34.32063056,34.332273966,0.9996609231671318,2.00548495,2.002694984,0.998608832242795,False,True,9873,-1276,9795,0,1,0,us
clock-followup-12-F-A2,interval,36.344746982,36.372710782,36.344749462,1.0007694041731492,2.012475144,2.052080222,1.0196797849245882,False,True,7559,-1276,9795,0,1,0,us
clock-followup-12-F-A2,interval,38.348569175,38.399386323,38.348571226,1.0013251380453885,2.003822193,2.026675541,1.0114048781772325,False,True,5787,-9524,10000,0,1,0,us
clock-followup-12-F-A2,interval,40.363370098,40.412774295,40.363372136,1.0012239859278362,2.014800923,2.013387972,0.9992987143375454,False,True,4431,-9524,10000,0,1,0,us
clock-followup-12-F-A2,interval,42.381490445,42.400719141,42.381493215,1.0004537050443036,2.018120347,1.987944846,0.9850477197532561,False,True,275789,-1916766,9958,0,1,0,us
clock-followup-12-F-A2,end,42.645510378,42.655977503,42.645512192,1.0002454449461908,0.264019933,0.255258362,0.9668147366736891,False,True,241315,-1916766,9958,0,1,0,us
