task,role,source,elapsed_s,ratio,baseline_ratios,relative_changes,conflict,cpu_s,cpu_boundary
matrix-multiclock-fast,clock_matrix_diagnostic,diagnostic_kernel,"{""monotonic"": 54.08746448, ""raw"": 54.011965816, ""realtime"": 54.087465054}",0.9986041374886797,[],[],False,53.993551783,kernel_PROCESS_CPUTIME_ID
matrix-multiclock-fast,clock_matrix_diagnostic,driver,"{""monotonic"": 54.910248614, ""raw"": 54.835023008, ""realtime"": 54.910249818}",0.9986300261262919,[],[],False,,
matrix-multiclock-medium,clock_matrix_diagnostic,diagnostic_kernel,"{""monotonic"": 82.817987634, ""raw"": 82.966571691, ""realtime"": 82.817987603}",1.0017941036874336,"[0.9986041374886797, 0.9986041374886797]","[0.003194425177103888, 0.003194425177103888]",False,82.94498206,kernel_PROCESS_CPUTIME_ID
matrix-multiclock-medium,clock_matrix_diagnostic,driver,"{""monotonic"": 83.46326479, ""raw"": 83.611267902, ""realtime"": 83.463266145}",1.001773272497456,"[0.9986300261262919, 0.9986300261262919]","[0.0031475584439983884, 0.0031475584439983884]",False,,
diagnostic-b1-01-F-A1,aa,formal_target_process,"{""monotonic"": 59.359744412, ""raw"": 59.247911954, ""realtime"": 59.35974474}",0.9981160219083189,[],[],False,59.224513,whole_process_RUSAGE_CHILDREN
diagnostic-b1-01-F-A1,aa,driver,"{""monotonic"": 59.513078918, ""raw"": 59.402452068, ""realtime"": 59.513080256}",0.9981411338144272,"[0.9986300261262919, 1.001773272497456]","[-0.0004895630003848295, -0.0036257093124213435]",False,,
diagnostic-b1-02-F-A2,aa,formal_target_process,"{""monotonic"": 62.082108358, ""raw"": 62.102768285, ""realtime"": 62.082109436}",1.0003327839138592,"[0.9981160219083189, 0.9981160219083189]","[0.0022209462195605933, 0.0022209462195605933]",False,62.076491999999995,whole_process_RUSAGE_CHILDREN
diagnostic-b1-02-F-A2,aa,driver,"{""monotonic"": 62.284562181, ""raw"": 62.305904345, ""realtime"": 62.284563982}",1.0003426557601542,"[0.9986300261262919, 0.9981411338144272]","[0.0017149791104376089, 0.0022056219016983736]",False,,
diagnostic-b1-03-M-B1,aa,formal_target_process,"{""monotonic"": 86.052354989, ""raw"": 86.03740654, ""realtime"": 86.052355345}",0.9998262865786544,"[0.9981160219083189, 1.0003327839138592]","[0.0017134928533313332, -0.0005063288371126573]",False,86.005431,whole_process_RUSAGE_CHILDREN
diagnostic-b1-03-M-B1,aa,driver,"{""monotonic"": 86.305199404, ""raw"": 86.291173128, ""realtime"": 86.305201586}",0.999837480521488,"[0.9986300261262919, 1.0003426557601542]","[0.0012091108454648225, -0.0005050021967546447]",False,,
diagnostic-b1-04-M-B2,aa,formal_target_process,"{""monotonic"": 84.284115699, ""raw"": 84.328479904, ""realtime"": 84.284117238}",1.0005263649577631,"[0.9981160219083189, 0.9998262865786544]","[0.002414892654298617, 0.0007002000132487751]",False,84.270999,whole_process_RUSAGE_CHILDREN
diagnostic-b1-04-M-B2,aa,driver,"{""monotonic"": 84.538070979, ""raw"": 84.580459858, ""realtime"": 84.53807319}",1.0005014176276925,"[0.9986300261262919, 0.999837480521488]","[0.0018739587759639686, 0.000664045026455895]",False,,
diagnostic-b1-05-F-B1,aa,formal_target_process,"{""monotonic"": 61.520609303, ""raw"": 61.543828089, ""realtime"": 61.520609481}",1.000377414760079,"[0.9981160219083189, 1.0005263649577631]","[0.0022656613080276333, -0.0001488718367660402]",False,61.514855,whole_process_RUSAGE_CHILDREN
diagnostic-b1-05-F-B1,aa,driver,"{""monotonic"": 61.716570851, ""raw"": 61.736710023, ""realtime"": 61.716572739}",1.0003263170931616,"[0.9986300261262919, 1.0005014176276925]","[0.0016986180291911346, -0.00017501278003795306]",False,,
diagnostic-b1-06-M-A1,aa,formal_target_process,"{""monotonic"": 85.284871094, ""raw"": 85.295589976, ""realtime"": 85.284872162}",1.00012568327609,"[0.9981160219083189, 1.000377414760079]","[0.002013454672262327, -0.00025163651265491804]",False,85.25560399999999,whole_process_RUSAGE_CHILDREN
diagnostic-b1-06-M-A1,aa,driver,"{""monotonic"": 85.486500458, ""raw"": 85.497319713, ""realtime"": 85.486502415}",1.0001265609767862,"[0.9986300261262919, 1.0003263170931616]","[0.0014985878767328487, -0.00019969095380378832]",False,,
diagnostic-b2-01-F-anchor-before,diagnostic_anchor,formal_target_process,"{""monotonic"": 58.848674652, ""raw"": 59.034341586, ""realtime"": 59.272360287}",1.003154989217649,"[0.9981160219083189, 1.00012568327609]","[0.0050484785322812975, 0.0030289252563096003]",False,58.997232000000004,whole_process_RUSAGE_CHILDREN
diagnostic-b2-01-F-anchor-before,diagnostic_anchor,driver,"{""monotonic"": 59.082702397, ""raw"": 59.270311936, ""realtime"": 59.506389139}",1.003175371663594,"[0.9986300261262919, 1.0001265609767862]","[0.004551581084471845, 0.0030484248751780907]",False,,
diagnostic-b2-02-F-A1,aa,formal_target_process,"{""monotonic"": 63.748369664, ""raw"": 63.976968082, ""realtime"": 63.748371169}",1.0035859492439552,"[0.9981160219083189, 1.003154989217649]","[0.005480252010360731, 0.00042960462833585567]",False,63.94409999999999,whole_process_RUSAGE_CHILDREN
diagnostic-b2-02-F-A1,aa,driver,"{""monotonic"": 63.931348777, ""raw"": 64.158168788, ""realtime"": 63.93135075}",1.0035478683828676,"[0.9986300261262919, 1.003175371663594]","[0.004924588814590347, 0.00037131764773667975]",False,,
diagnostic-b2-03-F-B1,aa,formal_target_process,"{""monotonic"": 65.430125828, ""raw"": 65.793695028, ""realtime"": 65.855895074}",1.0055566024885194,"[0.9981160219083189, 1.0035859492439552]","[0.007454624930250731, 0.0019636118321990637]",False,65.75637499999999,whole_process_RUSAGE_CHILDREN
diagnostic-b2-03-F-B1,aa,driver,"{""monotonic"": 65.565022905, ""raw"": 65.928027925, ""realtime"": 65.990793093}",1.0055365651366577,"[0.9986300261262919, 1.0035478683828676]","[0.006916013768538898, 0.001981666063418208]",False,,
diagnostic-b2-04-M-B1,aa,formal_target_process,"{""monotonic"": 87.730513358, ""raw"": 87.724090682, ""realtime"": 87.730513753}",0.9999267908535564,"[0.9981160219083189, 1.0055566024885194]","[0.0018141868334859979, -0.005598701874196421]",False,87.67348999999999,whole_process_RUSAGE_CHILDREN
diagnostic-b2-04-M-B1,aa,driver,"{""monotonic"": 87.97836919, ""raw"": 87.972557567, ""realtime"": 87.978371164}",0.9999339425923269,"[0.9986300261262919, 1.0055365651366577]","[0.0013057052481115772, -0.005571774054352052]",False,,
diagnostic-b2-05-M-A1,aa,formal_target_process,"{""monotonic"": 85.377928965, ""raw"": 85.492055184, ""realtime"": 85.377929867}",1.0013367180532897,"[0.9981160219083189, 0.9999267908535564]","[0.0032267753189785253, 0.0014100304268573893]",False,85.44978400000001,whole_process_RUSAGE_CHILDREN
diagnostic-b2-05-M-A1,aa,driver,"{""monotonic"": 85.649192993, ""raw"": 85.758129292, ""realtime"": 85.649195256}",1.001271889380311,"[0.9986300261262919, 0.9999339425923269]","[0.002645487502781041, 0.001338035175119101]",False,,
diagnostic-b2-06-F-B2,aa,formal_target_process,"{""monotonic"": 55.0403923, ""raw"": 54.999766183, ""realtime"": 55.040392856}",0.999261885402659,"[0.9981160219083189, 1.0013367180532897]","[0.0011480263508336641, -0.002072062886762427]",False,54.97673700000001,whole_process_RUSAGE_CHILDREN
diagnostic-b2-06-F-B2,aa,driver,"{""monotonic"": 55.138781867, ""raw"": 55.097086778, ""realtime"": 55.138783742}",0.9992438155579756,"[0.9986300261262919, 1.001271889380311]","[0.0006146314607267112, -0.002025497613431071]",False,,
diagnostic-b2-07-F-A2,aa,formal_target_process,"{""monotonic"": 56.17402555, ""raw"": 56.122332969, ""realtime"": 56.174027051}",0.9990797778778736,"[0.9981160219083189, 0.999261885402659]","[0.0009655750918735606, -0.00018224204029559932]",False,56.102774,whole_process_RUSAGE_CHILDREN
diagnostic-b2-07-F-A2,aa,driver,"{""monotonic"": 56.421550983, ""raw"": 56.370888011, ""realtime"": 56.421553034}",0.999102063464805,"[0.9986300261262919, 0.9992438155579756]","[0.00047268490448271194, -0.0001418593650153177]",False,,
diagnostic-b2-08-F-anchor-after,diagnostic_anchor,formal_target_process,"{""monotonic"": 53.102003724, ""raw"": 53.141743626, ""realtime"": 53.102004929}",1.0007483691614831,"[0.9981160219083189, 0.9990797778778736]","[0.002637315898537773, 0.0016701281725006734]",False,53.113910000000004,whole_process_RUSAGE_CHILDREN
diagnostic-b2-08-F-anchor-after,diagnostic_anchor,driver,"{""monotonic"": 53.194382261, ""raw"": 53.233724348, ""realtime"": 53.194384285}",1.0007395910118284,"[0.9986300261262919, 0.999102063464805]","[0.0021124588990375504, 0.0016389992643439655]",False,,
diagnostic-b3-01-F-anchor-before,diagnostic_anchor,formal_target_process,"{""monotonic"": 52.293575807, ""raw"": 52.317881027, ""realtime"": 52.293576758}",1.000464784050907,"[0.9981160219083189, 1.0007483691614831]","[0.0023531955113771374, -0.00028337304292946897]",False,52.297019999999996,whole_process_RUSAGE_CHILDREN
diagnostic-b3-01-F-anchor-before,diagnostic_anchor,driver,"{""monotonic"": 52.392799626, ""raw"": 52.416711717, ""realtime"": 52.392801283}",1.0004564003292569,"[0.9986300261262919, 1.0007395910118284]","[0.0018288797204000229, -0.00028298139207749706]",False,,
diagnostic-b3-02-M-A2,aa,formal_target_process,"{""monotonic"": 84.37066055, ""raw"": 84.303725786, ""realtime"": 84.370661073}",0.9992066582913579,"[0.9981160219083189, 1.000464784050907]","[0.0010926949964731314, -0.0012575412744214587]",False,84.27098799999999,whole_process_RUSAGE_CHILDREN
diagnostic-b3-02-M-A2,aa,driver,"{""monotonic"": 84.555997289, ""raw"": 84.489665722, ""realtime"": 84.555999509}",0.9992155309010987,"[0.9986300261262919, 1.0004564003292569]","[0.0005863080014507638, -0.0012403033532992769]",False,,
diagnostic-b3-03-M-B2,aa,formal_target_process,"{""monotonic"": 84.395578688, ""raw"": 84.844545414, ""realtime"": 84.808055069}",1.0053197896498793,"[0.9981160219083189, 0.9992066582913579]","[0.007217365099287054, 0.006117985011203642]",False,84.80168400000001,whole_process_RUSAGE_CHILDREN
diagnostic-b3-03-M-B2,aa,driver,"{""monotonic"": 84.649511048, ""raw"": 85.102227657, ""realtime"": 85.061989289}",1.005348130230112,"[0.9986300261262919, 0.9992155309010987]","[0.006727320356949118, 0.006137413940596748]",False,,
diagnostic-b3-04-F-A3,aa,formal_target_process,"{""monotonic"": 50.336843366, ""raw"": 50.346087303, ""realtime"": 50.336844896}",1.0001836415711012,"[0.9981160219083189, 1.0053197896498793]","[0.0020715223655354276, -0.005108969436050659]",False,50.326986000000005,whole_process_RUSAGE_CHILDREN
diagnostic-b3-04-F-A3,aa,driver,"{""monotonic"": 50.430692641, ""raw"": 50.440180023, ""realtime"": 50.43069406}",1.0001881271405004,"[0.9986300261262919, 1.005348130230112]","[0.0015602385001904917, -0.0051325535249471255]",False,,
diagnostic-b3-05-F-B3,aa,formal_target_process,"{""monotonic"": 57.270764879, ""raw"": 57.298496764, ""realtime"": 57.270765593}",1.0004842241073364,"[0.9981160219083189, 1.0001836415711012]","[0.0023726722615771134, 0.0003005273469209868]",False,57.264502,whole_process_RUSAGE_CHILDREN
diagnostic-b3-05-F-B3,aa,driver,"{""monotonic"": 57.448595291, ""raw"": 57.47627302, ""realtime"": 57.448596433}",1.0004817825198302,"[0.9986300261262919, 1.0001881271405004]","[0.0018542967316146353, 0.00029360014517409994]",False,,
diagnostic-b3-06-M-B3,aa,formal_target_process,"{""monotonic"": 85.260484634, ""raw"": 85.68895314, ""realtime"": 85.688188803}",1.0050254054717058,"[0.9981160219083189, 1.0004842241073364]","[0.006922425260919685, 0.004538983479146053]",False,85.650735,whole_process_RUSAGE_CHILDREN
diagnostic-b3-06-M-B3,aa,driver,"{""monotonic"": 85.404753208, ""raw"": 85.831704722, ""realtime"": 85.83245819}",1.0049991540044636,"[0.9986300261262919, 1.0004817825198302]","[0.006377865387122039, 0.004515196142058642]",False,,
diagnostic-b3-07-M-A3,aa,formal_target_process,"{""monotonic"": 84.65766166, ""raw"": 84.635873509, ""realtime"": 84.6576632}",0.9997426322606512,"[0.9981160219083189, 1.0050254054717058]","[0.0016296806349449522, -0.005256357881396223]",False,84.606448,whole_process_RUSAGE_CHILDREN
diagnostic-b3-07-M-A3,aa,driver,"{""monotonic"": 84.817902839, ""raw"": 84.795762395, ""realtime"": 84.817904769}",0.9997389649677848,"[0.9986300261262919, 1.0049991540044636]","[0.0011104601428764127, -0.005234023347899686]",False,,
diagnostic-b3-08-F-anchor-after,diagnostic_anchor,formal_target_process,"{""monotonic"": 56.851476029, ""raw"": 56.803298587, ""realtime"": 56.851477217}",0.9991525735941241,"[0.9981160219083189, 0.9997426322606512]","[0.0010385082125257128, -0.0005902105676865999]",False,56.768493,whole_process_RUSAGE_CHILDREN
diagnostic-b3-08-F-anchor-after,diagnostic_anchor,driver,"{""monotonic"": 57.011683197, ""raw"": 56.964324535, ""realtime"": 57.011685152}",0.9991693165445343,"[0.9986300261262919, 0.9997389649677848]","[0.0005400302455698114, -0.0005697971602705021]",False,,
diagnostic-b4-01-M-A2,aa,formal_target_process,"{""monotonic"": 95.961269023, ""raw"": 95.948398006, ""realtime"": 95.961272038}",0.9998658727929399,"[0.9981160219083189, 0.9991525735941241]","[0.0017531537879489356, 0.0007139041800692247]",False,94.413614,whole_process_RUSAGE_CHILDREN
diagnostic-b4-01-M-A2,aa,driver,"{""monotonic"": 96.124209756, ""raw"": 96.111857857, ""realtime"": 96.124212096}",0.9998715006445166,"[0.9986300261262919, 0.9991693165445343]","[0.0012431776391106375, 0.0007027678776312385]",False,,
diagnostic-b4-02-M-A3,aa,formal_target_process,"{""monotonic"": 87.484367586, ""raw"": 87.526351878, ""realtime"": 87.484368652}",1.0004799062182022,"[0.9981160219083189, 0.9998658727929399]","[0.0023683462222794383, 0.0006141157948986731]",False,87.46917299999998,whole_process_RUSAGE_CHILDREN
diagnostic-b4-02-M-A3,aa,driver,"{""monotonic"": 87.727301452, ""raw"": 87.7668194, ""realtime"": 87.72730327}",1.0004504635084623,"[0.9986300261262919, 0.9998715006445166]","[0.0018229347551583786, 0.0005790372698617485]",False,,
diagnostic-b4-03-F-B2,aa,formal_target_process,"{""monotonic"": 58.77231497, ""raw"": 58.878126701, ""realtime"": 58.772316121}",1.0018003669083653,"[0.9981160219083189, 1.0004799062182022]","[0.0036912993271085437, 0.00131982729683644]",False,58.76126,whole_process_RUSAGE_CHILDREN
diagnostic-b4-03-F-B2,aa,driver,"{""monotonic"": 58.883981704, ""raw"": 58.989407114, ""realtime"": 58.883983404}",1.0017903920038893,"[0.9986300261262919, 1.0004504635084623]","[0.0031647014358826553, 0.0013393251783082594]",False,,
diagnostic-b4-04-F-B3,aa,formal_target_process,"{""monotonic"": 52.529764365, ""raw"": 53.037772048, ""realtime"": 52.965538897}",1.0096708540223052,"[0.9981160219083189, 1.0018003669083653]","[0.011576642254368608, 0.00785634281431613]",False,52.955778,whole_process_RUSAGE_CHILDREN
diagnostic-b4-04-F-B3,aa,driver,"{""monotonic"": 52.791256753, ""raw"": 53.300112036, ""realtime"": 53.227032111}",1.0096390068033583,"[0.9986300261262919, 1.0017903920038893]","[0.01102408338328309, 0.007834587816089256]",False,,
clock-followup-01-M-B3,aa_replacement,formal_target_process,"{""monotonic"": 65.759726718, ""raw"": 66.710065101, ""realtime"": 66.685600537}",1.0144516778038841,"[0.9981160219083189, 1.0096708540223052]","[0.016366490004170675, 0.004735031978523763]",False,66.62115299999999,whole_process_RUSAGE_CHILDREN
clock-followup-01-M-B3,aa_replacement,driver,"{""monotonic"": 66.107531187, ""raw"": 67.062926237, ""realtime"": 67.033404914}",1.014452136282286,"[0.9986300261262919, 1.0096390068033583]","[0.01584381576965832, 0.004767178611855272]",False,,
clock-followup-02-F-A3,aa_replacement,formal_target_process,"{""monotonic"": 35.894427907, ""raw"": 36.413395669, ""realtime"": 36.352650082}",1.0144581705925113,"[0.9981160219083189, 1.0144516778038841]","[0.016372995048158367, 6.40029364551431e-06]",False,36.353559,whole_process_RUSAGE_CHILDREN
clock-followup-02-F-A3,aa_replacement,driver,"{""monotonic"": 36.145577839, ""raw"": 36.667785894, ""realtime"": 36.603799684}",1.014447356667696,"[0.9986300261262919, 1.014452136282286]","[0.01583902959813832, -4.711523017397745e-06]",False,,
clock-followup-03-multiclock-F,clock_matrix_diagnostic,diagnostic_kernel,"{""monotonic"": 38.29611819, ""raw"": 38.944863624, ""realtime"": 39.204538897}",1.016940240020708,"[0.9986041374886797, 1.0017941036874336]","[0.01836173298674737, 0.015119011259423498]",False,38.931999748,kernel_PROCESS_CPUTIME_ID
clock-followup-03-multiclock-F,clock_matrix_diagnostic,driver,"{""monotonic"": 38.94658466, ""raw"": 39.604444975, ""realtime"": 39.855006089}",1.0168913480024773,"[0.9986300261262919, 1.014447356667696]","[0.01828637373044084, 0.002409184980095347]",False,,
clock-followup-04-multiclock-M,clock_matrix_diagnostic,diagnostic_kernel,"{""monotonic"": 67.922707172, ""raw"": 68.8322206, ""realtime"": 68.908043377}",1.0133904178126594,"[0.9986041374886797, 1.016940240020708]","[0.014806948788700813, -0.003490689096909194]",False,68.799219654,kernel_PROCESS_CPUTIME_ID
clock-followup-04-multiclock-M,clock_matrix_diagnostic,driver,"{""monotonic"": 68.559765598, ""raw"": 69.490887472, ""realtime"": 69.545102481}",1.0135811706163003,"[0.9986300261262919, 1.0168913480024773]","[0.014971655266569739, -0.0032551927919136636]",False,,
clock-followup-05-F-A1,clock_followup_aa,formal_target_process,"{""monotonic"": 36.753100961, ""raw"": 37.295578944, ""realtime"": 37.232372614}",1.0147600602075901,"[0.9981160219083189, 1.0144581705925113]","[0.01667545449019947, 0.00029758705073312797]",False,37.27700099999999,whole_process_RUSAGE_CHILDREN
clock-followup-05-F-A1,clock_followup_aa,driver,"{""monotonic"": 36.922331132, ""raw"": 37.467330533, ""realtime"": 37.401603615}",1.0147606985878437,"[0.9986300261262919, 1.0135811706163003]","[0.016152801377425918, 0.0011637232475680825]",False,,
clock-followup-06-F-B1,clock_followup_aa,formal_target_process,"{""monotonic"": 37.028336573, ""raw"": 37.525093749, ""realtime"": 37.681052919}",1.0134155952434067,"[0.9981160219083189, 1.0147600602075901]","[0.015328451802463006, -0.0013249092242636484]",False,37.497199,whole_process_RUSAGE_CHILDREN
clock-followup-06-F-B1,clock_followup_aa,driver,"{""monotonic"": 37.19773036, ""raw"": 37.696183934, ""realtime"": 37.850447496}",1.0134001071886902,"[0.9986300261262919, 1.0147606985878437]","[0.014790343446503096, -0.0013408002507850902]",False,,
clock-followup-07-M-B1,clock_followup_aa,formal_target_process,"{""monotonic"": 85.351503685, ""raw"": 86.621399769, ""realtime"": 86.31247943}",1.0148784266143303,"[0.9981160219083189, 1.0134155952434067]","[0.01679404431757625, 0.0014434664098219585]",False,86.56246600000001,whole_process_RUSAGE_CHILDREN
clock-followup-07-M-B1,clock_followup_aa,driver,"{""monotonic"": 85.482783026, ""raw"": 86.754189073, ""realtime"": 86.443759298}",1.0148732411603083,"[0.9986300261262919, 1.0134001071886902]","[0.016265498341787366, 0.001453654840934293]",False,,
clock-followup-08-M-A1,clock_followup_aa,formal_target_process,"{""monotonic"": 68.992411313, ""raw"": 69.9687907, ""realtime"": 70.129943857}",1.014151982347311,"[0.9981160219083189, 1.0148784266143303]","[0.01606622886218445, -0.00071579437296998]",False,69.915078,whole_process_RUSAGE_CHILDREN
clock-followup-08-M-A1,clock_followup_aa,driver,"{""monotonic"": 69.086669697, ""raw"": 70.064425681, ""realtime"": 70.224202937}",1.0141525997459169,"[0.9986300261262919, 1.0148732411603083]","[0.015543868313110165, -0.0007100802200357137]",False,,
clock-followup-09-M-A2,clock_followup_aa,formal_target_process,"{""monotonic"": 81.914567345, ""raw"": 83.110437777, ""realtime"": 82.859651179}",1.0145989958899906,"[0.9981160219083189, 1.014151982347311]","[0.016514086158197827, 0.00044077569285505547]",False,83.057145,whole_process_RUSAGE_CHILDREN
clock-followup-09-M-A2,clock_followup_aa,driver,"{""monotonic"": 82.225390029, ""raw"": 83.425753245, ""realtime"": 83.17047414}",1.0145984496464735,"[0.9986300261262919, 1.0141525997459169]","[0.015990329854314034, 0.00043962802113628463]",False,,
clock-followup-10-M-B2,clock_followup_aa,formal_target_process,"{""monotonic"": 83.126143524, ""raw"": 83.310583563, ""realtime"": 83.582001261}",1.0022187970135623,"[0.9981160219083189, 1.0145989958899906]","[0.004110519233424537, -0.012202061037492551]",False,83.27937,whole_process_RUSAGE_CHILDREN
clock-followup-10-M-B2,clock_followup_aa,driver,"{""monotonic"": 83.386081292, ""raw"": 83.570110807, ""realtime"": 83.841939274}",1.002206957230135,"[0.9986300261262919, 1.0145984496464735]","[0.003581838128499104, -0.012213198650812163]",False,,
clock-followup-11-F-B2,clock_followup_aa,formal_target_process,"{""monotonic"": 40.518684174, ""raw"": 40.638902863, ""realtime"": 40.518684697}",1.0029669939054224,"[0.9981160219083189, 1.0022187970135623]","[0.004860128372480066, 0.0007465404700945921]",False,40.623137,whole_process_RUSAGE_CHILDREN
clock-followup-11-F-B2,clock_followup_aa,driver,"{""monotonic"": 40.818038667, ""raw"": 40.937445778, ""realtime"": 40.818040253}",1.002925351508781,"[0.9986300261262919, 1.002206957230135]","[0.004301217938690316, 0.000716812304547787]",False,,
clock-followup-12-F-A2,clock_followup_aa,formal_target_process,"{""monotonic"": 42.402182838, ""raw"": 42.418852519, ""realtime"": 42.402183731}",1.000393132614509,"[0.9981160219083189, 1.0029669939054224]","[0.002281408830444809, -0.0025662472509599965]",False,42.395164,whole_process_RUSAGE_CHILDREN
clock-followup-12-F-A2,clock_followup_aa,driver,"{""monotonic"": 42.645510378, ""raw"": 42.655977503, ""realtime"": 42.645512192}",1.0002454449461908,"[0.9986300261262919, 1.002925351508781]","[0.001617634937500556, -0.00267208976077693]",False,,
