stage,task,role,actual_compile_processes,cached_build_checks,compile_recorded_s,incomplete_builds
diagnostic,diagnostic-b1-01-F-A1,aa,0,1,0,0
diagnostic,diagnostic-b1-02-F-A2,aa,0,1,0,0
diagnostic,diagnostic-b1-03-M-B1,aa,0,1,0,0
diagnostic,diagnostic-b1-04-M-B2,aa,0,1,0,0
diagnostic,diagnostic-b1-05-F-B1,aa,0,1,0,0
diagnostic,diagnostic-b1-06-M-A1,aa,0,1,0,0
diagnostic,diagnostic-b2-01-F-anchor-before,diagnostic_anchor,0,1,0,0
diagnostic,diagnostic-b2-02-F-A1,aa,0,1,0,0
diagnostic,diagnostic-b2-03-F-B1,aa,0,1,0,0
diagnostic,diagnostic-b2-04-M-B1,aa,0,1,0,0
diagnostic,diagnostic-b2-05-M-A1,aa,0,1,0,0
diagnostic,diagnostic-b2-06-F-B2,aa,0,1,0,0
diagnostic,diagnostic-b2-07-F-A2,aa,0,1,0,0
diagnostic,diagnostic-b2-08-F-anchor-after,diagnostic_anchor,0,1,0,0
diagnostic,diagnostic-b3-01-F-anchor-before,diagnostic_anchor,0,1,0,0
diagnostic,diagnostic-b3-02-M-A2,aa,0,1,0,0
diagnostic,diagnostic-b3-03-M-B2,aa,0,1,0,0
diagnostic,diagnostic-b3-04-F-A3,aa,0,1,0,0
diagnostic,diagnostic-b3-05-F-B3,aa,0,1,0,0
diagnostic,diagnostic-b3-06-M-B3,aa,0,1,0,0
diagnostic,diagnostic-b3-07-M-A3,aa,0,1,0,0
diagnostic,diagnostic-b3-08-F-anchor-after,diagnostic_anchor,0,1,0,0
diagnostic,diagnostic-b4-01-M-A2,aa,0,1,0,0
diagnostic,diagnostic-b4-02-M-A3,aa,0,1,0,0
diagnostic,diagnostic-b4-03-F-B2,aa,0,1,0,0
diagnostic,diagnostic-b4-04-F-B3,aa,0,1,0,0
diagnostic,diagnostic-b4-05-M-B3,aa,0,1,0,
