task,role,raw_sha256,mode,iterations,requested_idle_seconds,start_ns,end_ns,monotonic_s,raw_s,realtime_s,process_cpu_s,raw_over_monotonic,realtime_over_monotonic,cpu_over_raw,absolute_clock_accuracy_verified,kernel_output_s,output_minus_boundary_s,cpu_interval,adjtimex,mean_four_clock_tuple_ns_including_loop
matrix-multiclock-fast.stdout,clock_matrix_diagnostic,6f35871f45886ebeba075c8dbf6a065d76a3a8d6baeebf5578af454c8230a9e8,matrix_kernel,,,"[70258421060141, 74190632203550, 1790951316017952904, 563494097]","[70312508524621, 74244644169366, 1790951370105417958, 54557045880]",54.08746448,54.011965816,54.087465054,53.993551783,0.9986041374886797,1.0000000106124405,0.9996590749341965,False,54.087463,-1.480000001663484e-06,kernel only; separate from whole-target CHILDREN CPU time,,
matrix-multiclock-medium.stdout,clock_matrix_diagnostic,c554f008e8edcad37fc61557818d13ce1b577dfb77e16d12094af74e8bd2e500,matrix_kernel,,,"[70313349631567, 74245483593837, 1790951370946524617, 569211192]","[70396167619201, 74328450165528, 1790951453764512220, 83514193252]",82.817987634,82.966571691,82.817987603,82.94498206,1.0017941036874336,0.9999999996256852,0.999739779159727,False,82.817986,-1.6340000001946464e-06,kernel only; separate from whole-target CHILDREN CPU time,,
probe-1-overhead.stdout,clock_probe,afb5d6de6d10e499aaf29a472c821f51bd9942fdbe151ed0c9534cfb82cf458a,overhead,10000,0,"[70139114581829, 74071298219527, 1790951196711474613, 1502315]","[70139117020732, 74071300669735, 1790951196713913445, 3524075]",0.002438903,0.002450208,0.002438832,0.00202176,1.0046352806979204,0.9999708885511233,0.825138110723661,False,,,,"{""adjtimex_readonly"": true, ""returncode"": 0, ""offset_raw"": 26710, ""offset_unit"": ""us"", ""frequency_scaled_ppm"": -3015312, ""tick_us"": 9916, ""status"": 0, ""precision_us"": 1}",243.8903
probe-2-idle.stdout,clock_probe,77b6b6b26b18f073a367445e27a2e53482144afff82aa8db8140bcc05efc346a,idle,0,1,"[70139370861713, 74071555691577, 1790951196967754495, 1128233]","[70140370935035, 74072560880767, 1790951197967827809, 1173676]",1.000073322,1.00518919,1.000073314,4.5443e-05,1.005115492921828,0.9999999920005865,4.5208404996874265e-05,False,,,,"{""adjtimex_readonly"": true, ""returncode"": 0, ""offset_raw"": 23371, ""offset_unit"": ""us"", ""frequency_scaled_ppm"": -3015312, ""tick_us"": 9916, ""status"": 0, ""precision_us"": 1}",
probe-3-idle.stdout,clock_probe,419336574ab1055392ce712dc9709c9ad69dec6ba700decbbf9e998a2b161e11,idle,0,1,"[70140388555628, 74072578591841, 1790951197985448446, 1318283]","[70141388662587, 74073584246371, 1790951198985555353, 1343604]",1.000106959,1.00565453,1.000106907,2.5321e-05,1.005546977700812,0.9999999480055611,2.5178626699966243e-05,False,,,,"{""adjtimex_readonly"": true, ""returncode"": 0, ""offset_raw"": 20450, ""offset_unit"": ""us"", ""frequency_scaled_ppm"": -3015312, ""tick_us"": 9916, ""status"": 0, ""precision_us"": 1}",
probe-4-work.stdout,clock_probe,ff20debdf1b89c7c61d115a388f45098fe9f1008a65506f6de2f91b3b106b492,work,10000000,0,"[70141406136109, 74073601816971, 1790951199003028872, 1108953]","[70141430311409, 74073626134963, 1790951199027204315, 25388777]",0.0241753,0.024317992,0.024175443,0.024279824,1.0059023879745028,1.0000059151282508,0.9984304625151615,False,,,,"{""adjtimex_readonly"": true, ""returncode"": 0, ""offset_raw"": 17894, ""offset_unit"": ""us"", ""frequency_scaled_ppm"": -3015312, ""tick_us"": 9916, ""status"": 0, ""precision_us"": 1}",
probe-5-idle.stdout,clock_probe,87f73d5e047ee520c6505a72786cd5eb9aaae0d5fdf555dc1fdfb66fc382ce88,idle,0,40,"[70141672754188, 74073870149347, 1790951199269646951, 1185931]","[70181679807288, 74114106722048, 1790951239276700122, 1243553]",40.0070531,40.236572701,40.007053171,5.7622e-05,1.0057369784379344,1.000000001774687,1.4320802228408465e-06,False,,,,"{""adjtimex_readonly"": true, ""returncode"": 0, ""offset_raw"": 85, ""offset_unit"": ""us"", ""frequency_scaled_ppm"": 324036, ""tick_us"": 10746, ""status"": 0, ""precision_us"": 1}",
probe-6-work.stdout,clock_probe,8e5ccca20a0d7fac128a47abdbb9e09d29473ebde4c7409be2f54965d7767443,work,8000000000,0,"[70181713271178, 74114137862315, 1790951239310163985, 1419285]","[70201219425286, 74133292858335, 1790951258816318036, 19151836021]",19.506154108,19.15499602,19.506154051,19.150416736,0.9819975744036605,0.9999999970778453,0.9997609352674771,False,,,,"{""adjtimex_readonly"": true, ""returncode"": 0, ""offset_raw"": 63457, ""offset_unit"": ""us"", ""frequency_scaled_ppm"": -6856548, ""tick_us"": 9960, ""status"": 0, ""precision_us"": 1}",
probe-7-work.stdout,clock_probe,bf4a83678245241897b5b2f488a8e3ac9a52249bf8fe727d1c645f737b4e089a,work,8000000000,0,"[70201421447428, 74133493900360, 1790951259018340193, 1201822]","[70220677486480, 74152957108209, 1790951278274379221, 19439655210]",19.256039052,19.463207849,19.256039028,19.438453388,1.0107586402603648,0.9999999987536379,0.9987281407467848,False,,,,"{""adjtimex_readonly"": true, ""returncode"": 0, ""offset_raw"": 4391, ""offset_unit"": ""us"", ""frequency_scaled_ppm"": -449039, ""tick_us"": 9960, ""status"": 0, ""precision_us"": 1}",
