stage,task,role,block,round,method,tier,label,pair,seed,algorithm,s,opt,trial_id,repeat,valid,spawned,phase,status,returncode,kernel_s,process_wall_s,source_sha256,binary_sha256,command
diagnostic,diagnostic-b1-01-F-A1,aa,1,,M0,F,A,1,0,,128,O2,0,0,True,True,explore,ok,0,58.778687,59.359744412,cece4fd572c1d25e9f9a7d045c21e8d77b25079a6f71513de0385d0d85d44835,2155ae7c0c908d939f535c50c02fc2ee2a8a148729e37cd3cafde324abf42f4c,"[""/home/addaswsw/lab/Software_system_optimization/P1/.cache/build/6fa77b7534d39847122ae17cc2c35b7062c5b407b3fe1908eff84b871eee0a1a"", ""128""]"
diagnostic,diagnostic-b1-02-F-A2,aa,1,,M0,F,A,2,0,,128,O2,0,0,True,True,explore,ok,0,61.583714,62.082108358,cece4fd572c1d25e9f9a7d045c21e8d77b25079a6f71513de0385d0d85d44835,2155ae7c0c908d939f535c50c02fc2ee2a8a148729e37cd3cafde324abf42f4c,"[""/home/addaswsw/lab/Software_system_optimization/P1/.cache/build/6fa77b7534d39847122ae17cc2c35b7062c5b407b3fe1908eff84b871eee0a1a"", ""128""]"
diagnostic,diagnostic-b1-03-M-B1,aa,1,,M0,M,B,1,0,,8,O2,0,0,True,True,explore,ok,0,85.556702,86.052354989,cece4fd572c1d25e9f9a7d045c21e8d77b25079a6f71513de0385d0d85d44835,2155ae7c0c908d939f535c50c02fc2ee2a8a148729e37cd3cafde324abf42f4c,"[""/home/addaswsw/lab/Software_system_optimization/P1/.cache/build/6fa77b7534d39847122ae17cc2c35b7062c5b407b3fe1908eff84b871eee0a1a"", ""8""]"
diagnostic,diagnostic-b1-04-M-B2,aa,1,,M0,M,B,2,0,,8,O2,0,0,True,True,explore,ok,0,83.758797,84.284115699,cece4fd572c1d25e9f9a7d045c21e8d77b25079a6f71513de0385d0d85d44835,2155ae7c0c908d939f535c50c02fc2ee2a8a148729e37cd3cafde324abf42f4c,"[""/home/addaswsw/lab/Software_system_optimization/P1/.cache/build/6fa77b7534d39847122ae17cc2c35b7062c5b407b3fe1908eff84b871eee0a1a"", ""8""]"
diagnostic,diagnostic-b1-05-F-B1,aa,1,,M0,F,B,1,0,,128,O2,0,0,True,True,explore,ok,0,60.847298,61.520609303,cece4fd572c1d25e9f9a7d045c21e8d77b25079a6f71513de0385d0d85d44835,2155ae7c0c908d939f535c50c02fc2ee2a8a148729e37cd3cafde324abf42f4c,"[""/home/addaswsw/lab/Software_system_optimization/P1/.cache/build/6fa77b7534d39847122ae17cc2c35b7062c5b407b3fe1908eff84b871eee0a1a"", ""128""]"
diagnostic,diagnostic-b1-06-M-A1,aa,1,,M0,M,A,1,0,,8,O2,0,0,True,True,explore,ok,0,84.766418,85.284871094,cece4fd572c1d25e9f9a7d045c21e8d77b25079a6f71513de0385d0d85d44835,2155ae7c0c908d939f535c50c02fc2ee2a8a148729e37cd3cafde324abf42f4c,"[""/home/addaswsw/lab/Software_system_optimization/P1/.cache/build/6fa77b7534d39847122ae17cc2c35b7062c5b407b3fe1908eff84b871eee0a1a"", ""8""]"
diagnostic,diagnostic-b2-01-F-anchor-before,diagnostic_anchor,2,,M1,F,,,0,,128,O2,0,0,True,True,explore,ok,0,58.34605,58.848674652,cece4fd572c1d25e9f9a7d045c21e8d77b25079a6f71513de0385d0d85d44835,2155ae7c0c908d939f535c50c02fc2ee2a8a148729e37cd3cafde324abf42f4c,"[""/home/addaswsw/lab/Software_system_optimization/P1/.cache/build/6fa77b7534d39847122ae17cc2c35b7062c5b407b3fe1908eff84b871eee0a1a"", ""128""]"
diagnostic,diagnostic-b2-02-F-A1,aa,2,,M1,F,A,1,0,,128,O2,0,0,True,True,explore,ok,0,63.237171,63.748369664,cece4fd572c1d25e9f9a7d045c21e8d77b25079a6f71513de0385d0d85d44835,2155ae7c0c908d939f535c50c02fc2ee2a8a148729e37cd3cafde324abf42f4c,"[""/home/addaswsw/lab/Software_system_optimization/P1/.cache/build/6fa77b7534d39847122ae17cc2c35b7062c5b407b3fe1908eff84b871eee0a1a"", ""128""]"
diagnostic,diagnostic-b2-03-F-B1,aa,2,,M1,F,B,1,0,,128,O2,0,0,True,True,explore,ok,0,64.870026,65.430125828,cece4fd572c1d25e9f9a7d045c21e8d77b25079a6f71513de0385d0d85d44835,2155ae7c0c908d939f535c50c02fc2ee2a8a148729e37cd3cafde324abf42f4c,"[""/home/addaswsw/lab/Software_system_optimization/P1/.cache/build/6fa77b7534d39847122ae17cc2c35b7062c5b407b3fe1908eff84b871eee0a1a"", ""128""]"
diagnostic,diagnostic-b2-04-M-B1,aa,2,,M1,M,B,1,0,,8,O2,0,0,True,True,explore,ok,0,87.179337,87.730513358,cece4fd572c1d25e9f9a7d045c21e8d77b25079a6f71513de0385d0d85d44835,2155ae7c0c908d939f535c50c02fc2ee2a8a148729e37cd3cafde324abf42f4c,"[""/home/addaswsw/lab/Software_system_optimization/P1/.cache/build/6fa77b7534d39847122ae17cc2c35b7062c5b407b3fe1908eff84b871eee0a1a"", ""8""]"
diagnostic,diagnostic-b2-05-M-A1,aa,2,,M1,M,A,1,0,,8,O2,0,0,True,True,explore,ok,0,84.853203,85.377928965,cece4fd572c1d25e9f9a7d045c21e8d77b25079a6f71513de0385d0d85d44835,2155ae7c0c908d939f535c50c02fc2ee2a8a148729e37cd3cafde324abf42f4c,"[""/home/addaswsw/lab/Software_system_optimization/P1/.cache/build/6fa77b7534d39847122ae17cc2c35b7062c5b407b3fe1908eff84b871eee0a1a"", ""8""]"
diagnostic,diagnostic-b2-06-F-B2,aa,2,,M1,F,B,2,0,,128,O2,0,0,True,True,explore,ok,0,54.526001,55.0403923,cece4fd572c1d25e9f9a7d045c21e8d77b25079a6f71513de0385d0d85d44835,2155ae7c0c908d939f535c50c02fc2ee2a8a148729e37cd3cafde324abf42f4c,"[""/home/addaswsw/lab/Software_system_optimization/P1/.cache/build/6fa77b7534d39847122ae17cc2c35b7062c5b407b3fe1908eff84b871eee0a1a"", ""128""]"
diagnostic,diagnostic-b2-07-F-A2,aa,2,,M1,F,A,2,0,,128,O2,0,0,True,True,explore,ok,0,55.668694,56.17402555,cece4fd572c1d25e9f9a7d045c21e8d77b25079a6f71513de0385d0d85d44835,2155ae7c0c908d939f535c50c02fc2ee2a8a148729e37cd3cafde324abf42f4c,"[""/home/addaswsw/lab/Software_system_optimization/P1/.cache/build/6fa77b7534d39847122ae17cc2c35b7062c5b407b3fe1908eff84b871eee0a1a"", ""128""]"
diagnostic,diagnostic-b2-08-F-anchor-after,diagnostic_anchor,2,,M1,F,,,0,,128,O2,0,0,True,True,explore,ok,0,52.575882,53.102003724,cece4fd572c1d25e9f9a7d045c21e8d77b25079a6f71513de0385d0d85d44835,2155ae7c0c908d939f535c50c02fc2ee2a8a148729e37cd3cafde324abf42f4c,"[""/home/addaswsw/lab/Software_system_optimization/P1/.cache/build/6fa77b7534d39847122ae17cc2c35b7062c5b407b3fe1908eff84b871eee0a1a"", ""128""]"
diagnostic,diagnostic-b3-01-F-anchor-before,diagnostic_anchor,3,,M1,F,,,0,,128,O2,0,0,True,True,explore,ok,0,51.774479,52.293575807,cece4fd572c1d25e9f9a7d045c21e8d77b25079a6f71513de0385d0d85d44835,2155ae7c0c908d939f535c50c02fc2ee2a8a148729e37cd3cafde324abf42f4c,"[""/home/addaswsw/lab/Software_system_optimization/P1/.cache/build/6fa77b7534d39847122ae17cc2c35b7062c5b407b3fe1908eff84b871eee0a1a"", ""128""]"
diagnostic,diagnostic-b3-02-M-A2,aa,3,,M1,M,A,2,0,,8,O2,0,0,True,True,explore,ok,0,83.857307,84.37066055,cece4fd572c1d25e9f9a7d045c21e8d77b25079a6f71513de0385d0d85d44835,2155ae7c0c908d939f535c50c02fc2ee2a8a148729e37cd3cafde324abf42f4c,"[""/home/addaswsw/lab/Software_system_optimization/P1/.cache/build/6fa77b7534d39847122ae17cc2c35b7062c5b407b3fe1908eff84b871eee0a1a"", ""8""]"
diagnostic,diagnostic-b3-03-M-B2,aa,3,,M1,M,B,2,0,,8,O2,0,0,True,True,explore,ok,0,83.895874,84.395578688,cece4fd572c1d25e9f9a7d045c21e8d77b25079a6f71513de0385d0d85d44835,2155ae7c0c908d939f535c50c02fc2ee2a8a148729e37cd3cafde324abf42f4c,"[""/home/addaswsw/lab/Software_system_optimization/P1/.cache/build/6fa77b7534d39847122ae17cc2c35b7062c5b407b3fe1908eff84b871eee0a1a"", ""8""]"
diagnostic,diagnostic-b3-04-F-A3,aa,3,,M1,F,A,3,0,,128,O2,0,0,True,True,explore,ok,0,49.826942,50.336843366,cece4fd572c1d25e9f9a7d045c21e8d77b25079a6f71513de0385d0d85d44835,2155ae7c0c908d939f535c50c02fc2ee2a8a148729e37cd3cafde324abf42f4c,"[""/home/addaswsw/lab/Software_system_optimization/P1/.cache/build/6fa77b7534d39847122ae17cc2c35b7062c5b407b3fe1908eff84b871eee0a1a"", ""128""]"
diagnostic,diagnostic-b3-05-F-B3,aa,3,,M1,F,B,3,0,,128,O2,0,0,True,True,explore,ok,0,56.695389,57.270764879,cece4fd572c1d25e9f9a7d045c21e8d77b25079a6f71513de0385d0d85d44835,2155ae7c0c908d939f535c50c02fc2ee2a8a148729e37cd3cafde324abf42f4c,"[""/home/addaswsw/lab/Software_system_optimization/P1/.cache/build/6fa77b7534d39847122ae17cc2c35b7062c5b407b3fe1908eff84b871eee0a1a"", ""128""]"
diagnostic,diagnostic-b3-06-M-B3,aa,3,,M1,M,B,3,0,,8,O2,0,0,True,True,explore,ok,0,84.750038,85.260484634,cece4fd572c1d25e9f9a7d045c21e8d77b25079a6f71513de0385d0d85d44835,2155ae7c0c908d939f535c50c02fc2ee2a8a148729e37cd3cafde324abf42f4c,"[""/home/addaswsw/lab/Software_system_optimization/P1/.cache/build/6fa77b7534d39847122ae17cc2c35b7062c5b407b3fe1908eff84b871eee0a1a"", ""8""]"
diagnostic,diagnostic-b3-07-M-A3,aa,3,,M1,M,A,3,0,,8,O2,0,0,True,True,explore,ok,0,84.139397,84.65766166,cece4fd572c1d25e9f9a7d045c21e8d77b25079a6f71513de0385d0d85d44835,2155ae7c0c908d939f535c50c02fc2ee2a8a148729e37cd3cafde324abf42f4c,"[""/home/addaswsw/lab/Software_system_optimization/P1/.cache/build/6fa77b7534d39847122ae17cc2c35b7062c5b407b3fe1908eff84b871eee0a1a"", ""8""]"
diagnostic,diagnostic-b3-08-F-anchor-after,diagnostic_anchor,3,,M1,F,,,0,,128,O2,0,0,True,True,explore,ok,0,56.336506,56.851476029,cece4fd572c1d25e9f9a7d045c21e8d77b25079a6f71513de0385d0d85d44835,2155ae7c0c908d939f535c50c02fc2ee2a8a148729e37cd3cafde324abf42f4c,"[""/home/addaswsw/lab/Software_system_optimization/P1/.cache/build/6fa77b7534d39847122ae17cc2c35b7062c5b407b3fe1908eff84b871eee0a1a"", ""128""]"
diagnostic,diagnostic-b4-01-M-A2,aa,4,,M0,M,A,2,0,,8,O2,0,0,True,True,explore,ok,0,95.408348,95.961269023,cece4fd572c1d25e9f9a7d045c21e8d77b25079a6f71513de0385d0d85d44835,2155ae7c0c908d939f535c50c02fc2ee2a8a148729e37cd3cafde324abf42f4c,"[""/home/addaswsw/lab/Software_system_optimization/P1/.cache/build/6fa77b7534d39847122ae17cc2c35b7062c5b407b3fe1908eff84b871eee0a1a"", ""8""]"
diagnostic,diagnostic-b4-02-M-A3,aa,4,,M0,M,A,3,0,,8,O2,0,0,True,True,explore,ok,0,86.904335,87.484367586,cece4fd572c1d25e9f9a7d045c21e8d77b25079a6f71513de0385d0d85d44835,2155ae7c0c908d939f535c50c02fc2ee2a8a148729e37cd3cafde324abf42f4c,"[""/home/addaswsw/lab/Software_system_optimization/P1/.cache/build/6fa77b7534d39847122ae17cc2c35b7062c5b407b3fe1908eff84b871eee0a1a"", ""8""]"
diagnostic,diagnostic-b4-03-F-B2,aa,4,,M0,F,B,2,0,,128,O2,0,0,True,True,explore,ok,0,58.235882,58.77231497,cece4fd572c1d25e9f9a7d045c21e8d77b25079a6f71513de0385d0d85d44835,2155ae7c0c908d939f535c50c02fc2ee2a8a148729e37cd3cafde324abf42f4c,"[""/home/addaswsw/lab/Software_system_optimization/P1/.cache/build/6fa77b7534d39847122ae17cc2c35b7062c5b407b3fe1908eff84b871eee0a1a"", ""128""]"
diagnostic,diagnostic-b4-04-F-B3,aa,4,,M0,F,B,3,0,,128,O2,0,0,True,True,explore,ok,0,51.987427,52.529764365,cece4fd572c1d25e9f9a7d045c21e8d77b25079a6f71513de0385d0d85d44835,2155ae7c0c908d939f535c50c02fc2ee2a8a148729e37cd3cafde324abf42f4c,"[""/home/addaswsw/lab/Software_system_optimization/P1/.cache/build/6fa77b7534d39847122ae17cc2c35b7062c5b407b3fe1908eff84b871eee0a1a"", ""128""]"
diagnostic,diagnostic-b4-05-M-B3,aa,4,,M0,M,B,3,0,,8,O2,0,0,False,True,,interrupted,-9,,10.337017907,cece4fd572c1d25e9f9a7d045c21e8d77b25079a6f71513de0385d0d85d44835,2155ae7c0c908d939f535c50c02fc2ee2a8a148729e37cd3cafde324abf42f4c,"[""/home/addaswsw/lab/Software_system_optimization/P1/.cache/build/6fa77b7534d39847122ae17cc2c35b7062c5b407b3fe1908eff84b871eee0a1a"", ""8""]"
