s,opt,valid_runs,failed_runs,median_s,min_s,max_s,mad_s,relative_range,rounds,samples
8,O0,3,0,300.62323,295.33313,310.088562,5.290099999999995,0.049082807073824744,"[1, 2, 3]","[310.088562, 295.33313, 300.62323]"
8,O1,3,0,77.373161,77.229668,77.900536,0.14349299999999232,0.008670551795085621,"[1, 2, 3]","[77.229668, 77.373161, 77.900536]"
8,O2,3,0,78.313446,77.394539,78.487755,0.17430900000000804,0.013959492984129601,"[1, 2, 3]","[77.394539, 78.313446, 78.487755]"
8,O3,3,0,78.263649,77.491714,79.443375,0.7719349999999991,0.024937004917825918,"[1, 2, 3]","[77.491714, 79.443375, 78.263649]"
16,O0,3,0,217.292618,216.775696,217.883865,0.5169219999999939,0.005099892532934438,"[1, 2, 3]","[216.775696, 217.883865, 217.292618]"
16,O1,3,0,44.326172,43.894539,47.541862,0.43163299999999793,0.08228373521629614,"[1, 2, 3]","[47.541862, 44.326172, 43.894539]"
16,O2,3,0,43.614208,41.873886,45.101536,1.487328000000005,0.07400455374542178,"[1, 2, 3]","[43.614208, 45.101536, 41.873886]"
16,O3,3,0,44.371098,43.266327,44.41325,0.042151999999994416,0.02584842502657926,"[1, 2, 3]","[44.371098, 43.266327, 44.41325]"
24,O0,3,0,210.435379,208.192566,211.259659,0.8242799999999875,0.014574987412168937,"[1, 2, 3]","[210.435379, 208.192566, 211.259659]"
24,O1,3,0,46.188328,45.351921,46.527649,0.3393209999999982,0.02545508899997418,"[1, 2, 3]","[45.351921, 46.527649, 46.188328]"
24,O2,3,0,43.73703,42.842861,43.792755,0.05572500000000247,0.021718301402724433,"[1, 2, 3]","[42.842861, 43.73703, 43.792755]"
24,O3,3,0,44.067669,42.851131,44.84676,0.7790910000000011,0.04528555844421907,"[1, 2, 3]","[44.067669, 44.84676, 42.851131]"
64,O0,3,0,179.600632,178.504776,184.356445,1.0958559999999977,0.03258156129428328,"[1, 2, 3]","[179.600632, 184.356445, 178.504776]"
64,O1,3,0,41.472359,40.279541,43.474083,1.1928179999999955,0.07702822016948684,"[1, 2, 3]","[41.472359, 43.474083, 40.279541]"
64,O2,3,0,41.239479,38.877781,41.263855,0.024375999999996623,0.05785897537648331,"[1, 2, 3]","[41.239479, 41.263855, 38.877781]"
64,O3,3,0,41.112492,38.873222,44.56382,2.2392700000000048,0.1384153020935827,"[1, 2, 3]","[41.112492, 44.56382, 38.873222]"
128,O0,3,0,178.396179,168.394943,183.604019,5.2078400000000045,0.08525449415595376,"[1, 2, 3]","[183.604019, 178.396179, 168.394943]"
128,O1,3,0,41.177814,33.823772,43.836937,2.659123000000001,0.2431689307256573,"[1, 2, 3]","[43.836937, 41.177814, 33.823772]"
128,O2,3,0,39.499706,34.484921,40.385387,0.8856809999999982,0.14937999791694656,"[1, 2, 3]","[40.385387, 39.499706, 34.484921]"
128,O3,3,0,42.501537,33.005756,46.76086,4.259323000000002,0.3236378016164451,"[1, 2, 3]","[46.76086, 42.501537, 33.005756]"
