stage,algorithm,seed,step,s,opt,observed_score_s,best_so_far_s,tuning_elapsed_s,tuning_elapsed_recorded_s
selection,grid,104729,1,8,O0,320.057098,320.057098,320.55823000799865,320.55823000799865
selection,grid,104729,2,8,O1,77.951836,77.951836,398.9903351079993,398.9903351079993
selection,grid,104729,3,8,O2,78.469177,77.951836,477.9292590469995,477.9292590469995
selection,grid,104729,4,8,O3,78.751472,77.951836,557.1685033369977,557.1685033369977
selection,grid,104729,5,16,O0,221.908417,77.951836,779.582367261999,779.582367261999
selection,grid,104729,6,16,O1,45.099396,45.099396,825.1717181759996,825.1717181759996
selection,grid,104729,7,16,O2,45.383392,45.099396,871.043664918001,871.043664918001
selection,grid,104729,8,16,O3,46.343937,45.099396,917.8770737039995,917.8770737039995
selection,random,104729,1,8,O1,77.839058,77.839058,78.33483817800152,78.33483817800152
selection,random,104729,2,16,O1,43.431442,43.431442,122.2676212990009,122.2676212990009
selection,random,104729,3,24,O2,45.748779,43.431442,168.50971393600048,168.50971393600048
selection,random,104729,4,24,O0,226.135788,43.431442,395.22345719700024,395.22345719700024
selection,random,104729,5,16,O3,53.87257,43.431442,449.6287052730004,449.6287052730004
selection,random,104729,6,128,O3,51.970608,43.431442,502.1589486789999,502.1589486789999
selection,random,104729,7,64,O0,187.364029,43.431442,690.1167962370018,690.1167962370018
selection,random,104729,8,16,O0,243.153946,43.431442,933.834553628003,933.834553628003
selection,greedy,104729,1,16,O2,46.535267,46.535267,47.06812431299841,47.06812431299841
selection,greedy,104729,2,8,O2,81.483597,46.535267,129.12539621599717,129.12539621599717
selection,greedy,104729,3,16,O1,49.507,46.535267,179.13752536699758,179.13752536699758
selection,greedy,104729,4,16,O3,44.572552,44.572552,224.21400157599783,224.21400157599783
selection,greedy,104729,5,24,O2,45.866692,44.572552,270.5907657309981,270.5907657309981
selection,greedy,104729,6,8,O3,78.248672,44.572552,349.33155331599846,349.33155331599846
selection,greedy,104729,7,24,O3,44.634254,44.572552,394.4570167389975,394.4570167389975
selection,stratified,104729,1,24,O2,42.863201,42.863201,43.36374724699999,43.36374724699999
selection,stratified,104729,2,16,O3,42.363903,42.363903,86.2125176269983,86.2125176269983
selection,stratified,104729,3,8,O0,303.549835,42.363903,390.2749993990001,390.2749993990001
selection,stratified,104729,4,128,O1,39.703484,39.703484,430.45625087299777,430.45625087299777
selection,stratified,104729,5,24,O0,209.530182,39.703484,640.4871660999997,640.4871660999997
selection,stratified,104729,6,8,O3,77.473732,39.703484,718.4521634199991,718.4521634199991
selection,stratified,104729,7,128,O2,39.282055,39.282055,758.2301715589965,758.2301715589965
selection,stratified,104729,8,24,O1,46.725788,39.282055,805.4364114839991,805.4364114839991
selection,patience,104729,1,8,O1,76.275101,76.275101,76.76362841299851,76.76362841299851
selection,patience,104729,2,16,O1,43.460831,43.460831,120.71210197699838,120.71210197699838
selection,patience,104729,3,24,O2,44.90358,43.460831,166.10366994599826,166.10366994599826
selection,patience,104729,4,24,O0,211.079819,43.460831,377.7384145279975,377.7384145279975
selection,patience,104729,5,16,O3,42.730598,42.730598,420.96008495500064,420.96008495500064
selection,greedy,130363,1,128,O3,38.2854,38.2854,38.819411078002304,38.819411078002304
selection,greedy,130363,2,64,O3,40.787994,38.2854,80.0850748849989,80.0850748849989
selection,greedy,130363,3,128,O2,38.096649,38.096649,118.66744675800146,118.66744675800146
selection,greedy,130363,4,64,O2,40.337242,38.096649,159.49330272899897,159.49330272899897
selection,greedy,130363,5,128,O1,37.570213,37.570213,197.5665820159993,197.5665820159993
selection,greedy,130363,6,64,O1,39.771477,37.570213,237.83772359900104,237.83772359900104
selection,greedy,130363,7,128,O0,170.96843,37.570213,409.3100389079991,409.3100389079991
selection,stratified,130363,1,64,O1,39.785446,39.785446,40.279566324999905,40.279566324999905
selection,stratified,130363,2,64,O0,178.058105,39.785446,218.8490263140011,218.8490263140011
selection,stratified,130363,3,128,O2,35.368584,35.368584,254.71334345599826,254.71334345599826
selection,stratified,130363,4,8,O3,77.553223,35.368584,332.75908694199825,332.75908694199825
selection,stratified,130363,5,128,O1,37.596413,35.368584,370.85203477899995,370.85203477899995
selection,stratified,130363,6,24,O3,43.967926,35.368584,415.3195643399995,415.3195643399995
selection,stratified,130363,7,8,O0,303.39505,35.368584,719.266180016999,719.266180016999
selection,stratified,130363,8,24,O2,44.638424,35.368584,764.4750035239995,764.4750035239995
selection,patience,130363,1,16,O3,42.617641,42.617641,43.114028915002564,43.114028915002564
selection,patience,130363,2,8,O0,288.784851,42.617641,332.41703190500266,332.41703190500266
selection,patience,130363,3,24,O1,44.812843,42.617641,377.75863547500194,377.75863547500194
selection,patience,130363,4,64,O2,39.912128,39.912128,418.16165165700295,418.16165165700295
selection,patience,130363,5,64,O3,38.860531,38.860531,457.518359185,457.518359185
selection,patience,130363,6,24,O3,42.608521,38.860531,500.61630168600095,500.61630168600095
selection,patience,130363,7,24,O2,42.942635,38.860531,544.0308518740021,544.0308518740021
selection,grid,130363,1,8,O0,305.546021,305.546021,306.0678997340001,306.0678997340001
selection,grid,130363,2,8,O1,76.490021,76.490021,383.0770828040004,383.0770828040004
selection,grid,130363,3,8,O2,77.543968,76.490021,461.1207209860004,461.1207209860004
selection,grid,130363,4,8,O3,77.352379,76.490021,538.9543007290013,538.9543007290013
selection,grid,130363,5,16,O0,224.013168,76.490021,763.5145672670005,763.5145672670005
selection,grid,130363,6,16,O1,46.167164,46.167164,810.2917925600013,810.2917925600013
selection,grid,130363,7,16,O2,46.158268,46.158268,856.9539737190025,856.9539737190025
selection,grid,130363,8,16,O3,44.95208,44.95208,902.432652929001,902.432652929001
selection,random,130363,1,16,O3,47.134674,47.134674,47.67395561599915,47.67395561599915
selection,random,130363,2,8,O0,304.507446,47.134674,352.7151972920001,352.7151972920001
selection,random,130363,3,24,O1,44.502071,44.502071,397.73053388399785,397.73053388399785
selection,random,130363,4,64,O2,39.231293,39.231293,437.46700499899816,437.46700499899816
selection,random,130363,5,64,O3,37.911316,37.911316,475.87408221199803,475.87408221199803
selection,random,130363,6,24,O3,42.698837,37.911316,519.0715619980001,519.0715619980001
selection,random,130363,7,24,O2,41.75993,37.911316,561.3230949369972,561.3230949369972
selection,random,130363,8,128,O2,34.116451,34.116451,595.9259855849996,595.9259855849996
selection,patience,155921,1,8,O2,77.574295,77.574295,78.0738255139986,78.0738255139986
selection,patience,155921,2,128,O3,32.697639,32.697639,111.25538370399954,111.25538370399954
selection,patience,155921,3,16,O0,211.727615,32.697639,323.4984974959989,323.4984974959989
selection,patience,155921,4,16,O1,41.560966,32.697639,365.5598467669988,365.5598467669988
selection,patience,155921,5,8,O0,302.956818,32.697639,669.0566117909984,669.0566117909984
selection,grid,155921,1,8,O0,299.462433,299.462433,299.98113946399826,299.98113946399826
selection,grid,155921,2,8,O1,77.05732,77.05732,377.5271609820011,377.5271609820011
selection,grid,155921,3,8,O2,78.151024,77.05732,456.1726631399979,456.1726631399979
selection,grid,155921,4,8,O3,77.224297,77.05732,533.8831256679987,533.8831256679987
selection,grid,155921,5,16,O0,213.282074,77.05732,747.6813359789994,747.6813359789994
selection,grid,155921,6,16,O1,42.85001,42.85001,791.0336751389987,791.0336751389987
selection,grid,155921,7,16,O2,42.588326,42.588326,834.1359923960008,834.1359923960008
selection,grid,155921,8,16,O3,42.053825,42.053825,876.6954619940007,876.6954619940007
selection,random,155921,1,8,O2,77.856194,77.856194,78.35697595400052,78.35697595400052
selection,random,155921,2,128,O3,32.570972,32.570972,111.44775813199885,111.44775813199885
selection,random,155921,3,16,O0,213.741943,32.570972,325.73040989400033,325.73040989400033
selection,random,155921,4,16,O1,42.896507,32.570972,369.119230950997,369.119230950997
selection,random,155921,5,8,O0,300.686371,32.570972,670.3084845899975,670.3084845899975
selection,random,155921,6,128,O1,33.54261,32.570972,704.3457513659996,704.3457513659996
selection,random,155921,7,24,O0,208.782364,32.570972,913.6447245519994,913.6447245519994
selection,random,155921,8,24,O2,43.008404,32.570972,957.1425675459977,957.1425675459977
selection,greedy,155921,1,64,O3,38.560871,38.560871,39.07745029800208,39.07745029800208
selection,greedy,155921,2,24,O3,43.24601,38.560871,82.83697269700133,82.83697269700133
selection,greedy,155921,3,64,O2,38.441521,38.441521,121.79928026400012,121.79928026400012
selection,greedy,155921,4,128,O3,32.670555,32.670555,154.9726121490021,154.9726121490021
selection,greedy,155921,5,128,O2,33.150223,32.670555,188.6155617580007,188.6155617580007
selection,stratified,155921,1,8,O2,76.994858,76.994858,77.50910920200113,77.50910920200113
selection,stratified,155921,2,8,O0,301.624725,76.994858,379.65112498500093,379.65112498500093
selection,stratified,155921,3,24,O3,42.159637,42.159637,422.31410408300144,422.31410408300144
selection,stratified,155921,4,128,O1,33.059967,33.059967,455.87183779100087,455.87183779100087
selection,stratified,155921,5,16,O0,214.476532,33.059967,670.8626869479995,670.8626869479995
selection,stratified,155921,6,16,O3,42.909042,33.059967,714.2835147109981,714.2835147109981
selection,stratified,155921,7,128,O2,32.955601,32.955601,747.7307783569995,747.7307783569995
selection,stratified,155921,8,24,O1,44.312435,32.955601,792.5484082139992,792.5484082139992
holdout,random,196613,1,16,O3,45.317799,45.317799,45.78614666499925,45.78614666499925
holdout,random,196613,2,128,O3,52.572399,45.317799,98.84431781999956,98.84431781999956
holdout,random,196613,3,64,O0,175.275497,45.317799,274.6094762950015,274.6094762950015
holdout,random,196613,4,8,O2,77.462257,45.317799,352.58804332699947,352.58804332699947
holdout,random,196613,5,8,O0,311.924042,45.317799,665.0099844319993,665.0099844319993
holdout,random,196613,6,8,O1,76.046356,45.317799,741.5355915270011,741.5355915270011
holdout,random,196613,7,16,O1,45.392941,45.317799,787.4009192720005,787.4009192720005
holdout,random,196613,8,8,O3,76.80542,45.317799,864.677877164002,864.677877164002
holdout,random,229939,1,16,O1,44.719761,44.719761,45.21254815999782,45.21254815999782
holdout,random,229939,2,24,O2,43.318275,43.318275,89.02573350499733,89.02573350499733
holdout,random,229939,3,64,O0,178.065872,43.318275,267.60492923999846,267.60492923999846
holdout,random,229939,4,24,O3,44.425419,43.318275,312.4922338159995,312.4922338159995
holdout,random,229939,5,128,O1,46.235275,43.318275,359.2079258079975,359.2079258079975
holdout,random,229939,6,64,O2,42.265266,42.265266,401.942003958,401.942003958
holdout,random,229939,7,16,O2,44.510887,42.265266,446.9562908739972,446.9562908739972
holdout,random,229939,8,64,O3,41.704674,41.704674,489.138618211,489.138618211
holdout,random,262147,1,16,O3,42.843807,42.843807,43.395766065001226,43.395766065001226
holdout,random,262147,2,16,O1,45.119671,42.843807,89.00088884700017,89.00088884700017
holdout,random,262147,3,8,O2,77.37233,42.843807,166.8500221860013,166.8500221860013
holdout,random,262147,4,128,O3,48.406605,42.843807,215.72958927099899,215.72958927099899
holdout,random,262147,5,24,O0,206.946686,42.843807,423.19912021300115,423.19912021300115
holdout,random,262147,6,8,O3,81.506134,42.843807,505.2632077579983,505.2632077579983
holdout,random,262147,7,8,O0,309.922455,42.843807,815.7306841050013,815.7306841050013
holdout,random,262147,8,24,O2,43.563232,42.843807,859.7758786459999,859.7758786459999
