stage,algorithm,seed,state,confirmation_state,returned_s,returned_opt,online_score_s,confirmed_s,gap_pct,confirmed_min_s,confirmed_max_s,reference_median_s,confirmation_relative_range,near_optimal,proposals,distinct_configs,search_process_runs,confirmation_process_runs,failed_runs,compile_wall_s,search_internal_window_s,search_internal_window_recorded_s,confirmation_internal_window_s,internal_search_return_wall_s,search_full_driver_wall_s,confirmation_full_driver_wall_s,total_wall_s,journal
selection,grid,104729,complete,complete,16,O1,45.099396,44.19418,11.88483276305905,44.081825,45.371784,39.499706,0.02918843612439457,False,8,8,8,3,0,0,917.8782248309981,917.8782248309981,135.14213370200014,1053.0203585329982,917.9619044230021,135.2385080239983,1053.2004124470004,results/selection_v1/selection-grid-seed104729.jsonl
selection,random,104729,complete,complete,16,O1,43.431442,48.896767,23.790204919499878,48.107002,50.179653,39.499706,0.042388303504810466,False,8,8,8,3,0,0,933.8357938760018,933.8357938760018,148.82435884900042,1082.6601527250023,933.893057471003,148.90086287599843,1082.7939203470014,results/selection_v1/selection-random-seed104729.jsonl
selection,greedy,104729,complete,complete,16,O3,44.572552,43.45359,10.00990741551342,42.866344,44.12265,39.499706,0.028911443220226502,False,7,7,7,3,0,0,394.458403851997,394.458403851997,131.90848739600187,526.3668912479989,394.5358746419988,131.98600318099852,526.5218778229973,results/selection_v1/selection-greedy-seed104729.jsonl
selection,stratified,104729,complete,complete,128,O2,39.282055,39.03072,-1.1873151663457926,38.619209,39.460499,39.499706,0.02155456010035174,True,8,8,8,3,0,0,805.4378032429995,805.4378032429995,118.56840361600189,924.0062068590014,805.5213436949998,118.63466729100037,924.1560109860002,results/selection_v1/selection-stratified-seed104729.jsonl
selection,patience,104729,complete,complete,16,O3,42.730598,46.152561,16.842796247648018,44.105179,46.455654,39.499706,0.0509283764339752,False,5,5,5,3,0,0,420.961832650999,420.961832650999,138.24446093799997,559.206293588999,421.01805060699917,138.34134605500003,559.3593966619992,results/selection_v1/selection-patience-seed104729.jsonl
selection,greedy,130363,complete,complete,128,O1,37.570213,39.124683,-0.9494323831169882,38.727234,40.767467,39.499706,0.05214695285837845,True,7,7,7,3,0,0,409.3111371920022,409.3111371920022,120.18108026900154,529.4922174610037,409.3794927220006,120.25512256100046,529.634615283001,results/selection_v1/selection-greedy-seed130363.jsonl
selection,stratified,130363,complete,complete,128,O2,35.368584,36.206318,-8.337753197454179,36.110619,36.881947,39.499706,0.02130368517450454,True,8,8,8,3,0,0,764.4765276440012,764.4765276440012,110.65063278000162,875.1271604240028,764.5773541560011,110.71783430299911,875.2951884590002,results/selection_v1/selection-stratified-seed130363.jsonl
selection,patience,130363,complete,complete,64,O3,38.860531,39.563389,0.1612239848063579,39.397549,39.984917,39.499706,0.014846250911417244,True,7,7,7,3,0,0,544.0319542350007,544.0319542350007,120.46138700099982,664.4933412360006,544.0835194630017,120.54695469199942,664.6304741550011,results/selection_v1/selection-patience-seed130363.jsonl
selection,grid,130363,complete,complete,16,O3,44.95208,44.844345,13.530832356068668,44.081993,47.708958,39.499706,0.08087898262311571,False,8,8,8,3,0,0,902.433727312,902.433727312,138.16593962299885,1040.5996669349988,902.535877495,138.232207154997,1040.768084649997,results/selection_v1/selection-grid-seed130363.jsonl
selection,random,130363,complete,complete,128,O2,34.116451,33.191216,-15.970979632101578,32.673477,34.045746,39.499706,0.04134434243084083,True,8,8,8,3,0,0,595.9272655249988,595.9272655249988,101.38422570799958,697.3114912329984,596.0096751889978,101.44918039700133,697.4588555859991,results/selection_v1/selection-random-seed130363.jsonl
selection,patience,155921,complete,complete,128,O3,32.697639,33.396526,-15.451203611490172,32.860996,33.738159,39.499706,0.02626509715411726,True,5,5,5,3,0,0,669.0581003129992,669.0581003129992,101.49036492399682,770.548465236996,669.1546631860001,101.55835238500003,770.7130155710001,results/selection_v1/selection-patience-seed155921.jsonl
selection,grid,155921,complete,complete,16,O3,42.053825,42.672432,8.032277506065476,42.040985,43.019302,39.499706,0.022926206783808432,False,8,8,8,3,0,0,876.6967075430002,876.6967075430002,129.2197957190001,1005.9165032620003,876.7863584579973,129.2867463319999,1006.0731047899972,results/selection_v1/selection-grid-seed155921.jsonl
selection,random,155921,complete,complete,128,O3,32.570972,32.911858,-16.678220339158976,32.716221,33.261436,39.499706,0.01656591372021616,True,8,8,8,3,0,0,957.1440926799987,957.1440926799987,100.37090108899793,1057.5149937689966,957.1933075710003,100.44959788800043,1057.6429054590008,results/selection_v1/selection-random-seed155921.jsonl
selection,greedy,155921,complete,complete,128,O3,32.670555,33.041843,-16.349141940448874,32.600231,33.053532,39.499706,0.013718998664814071,True,5,5,5,3,0,0,188.61659950800095,188.61659950800095,100.21377111200127,288.8303706200022,188.7109313660003,100.30163951500072,289.012570881001,results/selection_v1/selection-greedy-seed155921.jsonl
selection,stratified,155921,complete,complete,128,O2,32.955601,32.248898,-18.35661257833161,32.079102,32.305405,39.499706,0.00701738707474598,True,8,8,8,3,0,0,792.5497953310005,792.5497953310005,98.12372343600146,890.673518767002,792.6352789720004,98.19212667800093,890.8274056500013,results/selection_v1/selection-stratified-seed155921.jsonl
holdout,random,196613,complete,complete,16,O3,45.317799,44.424389,12.467644695887081,43.493999,44.634007,39.499706,0.025661759804957468,False,8,8,8,3,0,0,864.6790408999987,864.6790408999987,133.97671348199947,998.6557543819981,864.7563750469999,134.0372946610005,998.7936697080004,results/holdout_v1/holdout-random-seed196613.jsonl
holdout,random,229939,complete,complete,64,O3,41.704674,42.496933,7.587972933266873,41.582001,43.278969,39.499706,0.03993154047140292,False,8,8,8,3,0,0,489.13984810799957,489.13984810799957,128.77362044300025,617.9134685509998,489.1929622000025,128.85842866299936,618.0513908630019,results/holdout_v1/holdout-random-seed229939.jsonl
holdout,random,262147,complete,complete,16,O3,42.843807,44.296986,12.145103054691075,43.848125,44.32151,39.499706,0.010686618723901451,False,8,8,8,3,0,0,859.7771189809973,859.7771189809973,133.93898512199667,993.716104102994,859.8491434559983,134.02817831299762,993.8773217689959,results/holdout_v1/holdout-random-seed262147.jsonl
