s,opt,failed_runs,excluded_runs,rounds,valid_runs,median_s,min_s,max_s,mad_s,relative_range,samples
8,O0,0,0,[],0,,,,,,[]
8,O1,0,0,[],0,,,,,,[]
8,O2,0,0,[],0,,,,,,[]
8,O3,0,0,[],0,,,,,,[]
16,O0,0,0,[],0,,,,,,[]
16,O1,0,0,[],0,,,,,,[]
16,O2,0,0,[],0,,,,,,[]
16,O3,0,0,[],0,,,,,,[]
24,O0,0,0,[],0,,,,,,[]
24,O1,0,0,[],0,,,,,,[]
24,O2,0,0,[],0,,,,,,[]
24,O3,0,0,[],0,,,,,,[]
64,O0,0,0,[],0,,,,,,[]
64,O1,0,0,[],0,,,,,,[]
64,O2,0,0,[],0,,,,,,[]
64,O3,0,0,[],0,,,,,,[]
128,O0,0,0,[],0,,,,,,[]
128,O1,0,0,[],0,,,,,,[]
128,O2,0,0,[],0,,,,,,[]
128,O3,0,0,[],0,,,,,,[]
