acl	2.3.2-1build1.1
adduser	3.137ubuntu1
adwaita-icon-theme	46.0-1
antiword	0.37-16
apparmor	4.0.1really4.0.1-0ubuntu0.24.04.3
apport	2.28.1-0ubuntu3.8
apport-core-dump-handler	2.28.1-0ubuntu3.8
apport-symptoms	0.25
appstream	1.0.2-1build6
apt	2.7.14build2
apt-utils	2.7.14build2
at-spi2-common	2.52.0-1build1
at-spi2-core	2.52.0-1build1
avahi-daemon	0.8-13ubuntu6.2
base-files	13ubuntu10.2
base-passwd	3.6.3build1
bash	5.2.21-2ubuntu4
bash-completion	1:2.11-8
bc	1.07.1-3ubuntu4
binutils	2.42-4ubuntu2.10
binutils-common:amd64	2.42-4ubuntu2.10
binutils-riscv64-linux-gnu	2.42-4ubuntu2.10
binutils-x86-64-linux-gnu	2.42-4ubuntu2.10
bisonc++	6.08.00-1
blt	2.5.3+dfsg-7build1
bridge-utils	1.7.1-1ubuntu2
bsdextrautils	2.39.3-9ubuntu6.6
bsdutils	1:2.39.3-9ubuntu6.6
bubblewrap	0.9.0-1ubuntu0.1
build-essential	12.10ubuntu1
byobu	6.11-0ubuntu1
bzip2	1.0.8-5.1ubuntu0.1
bzip2-doc	1.0.8-5.1ubuntu0.1
ca-certificates	20260601~24.04.1
ca-certificates-java	20240118
clang	1:18.0-59~exp2
clang-18	1:18.1.3-1ubuntu1
cloud-guest-utils	0.33-1
cloud-init	25.1.4-0ubuntu0~24.04.1
cmake	3.28.3-1build7
cmake-data	3.28.3-1build7
command-not-found	23.04.0
console-setup	1.226ubuntu1
console-setup-linux	1.226ubuntu1
containerd	2.2.1-0ubuntu1~24.04.3
containernetworking-plugins	1.1.1+ds1-3ubuntu0.24.04.3
coreutils	9.4-3ubuntu6.3
cpp	4:13.2.0-7ubuntu1
cpp-13	13.3.0-6ubuntu2~24.04.1
cpp-13-riscv64-linux-gnu	13.3.0-6ubuntu2~24.04.1cross1
cpp-13-x86-64-linux-gnu	13.3.0-6ubuntu2~24.04.1
cpp-riscv64-linux-gnu	4:13.2.0-7ubuntu1
cpp-x86-64-linux-gnu	4:13.2.0-7ubuntu1
cron	3.0pl1-184ubuntu2
cron-daemon-common	3.0pl1-184ubuntu2
curl	8.5.0-2ubuntu10.13
dash	0.5.12-6ubuntu5
dbus	1.14.10-4ubuntu4.1
dbus-bin	1.14.10-4ubuntu4.1
dbus-daemon	1.14.10-4ubuntu4.1
dbus-session-bus-common	1.14.10-4ubuntu4.1
dbus-system-bus-common	1.14.10-4ubuntu4.1
dbus-user-session	1.14.10-4ubuntu4.1
dbus-x11	1.14.10-4ubuntu4.1
dconf-gsettings-backend:amd64	0.40.0-4build2
dconf-service	0.40.0-4build2
debconf	1.5.86ubuntu1
debconf-i18n	1.5.86ubuntu1
debianutils	5.17build1
default-jdk-headless	2:1.21-75+exp1
default-jre-headless	2:1.21-75+exp1
dhcpcd-base	1:10.0.6-1ubuntu3.1
dictionaries-common	1.29.7
diffutils	1:3.10-1ubuntu0.1
dirmngr	2.4.4-2ubuntu17.6
distro-info	1.7build1
distro-info-data	0.72-0ubuntu0.24.04.1
dmidecode	3.5-3ubuntu0.1
dmsetup	2:1.02.185-3ubuntu3.2
dns-root-data	2024071801~ubuntu0.24.04.1
dnsmasq-base	2.90-2ubuntu0.4
docker-buildx	0.30.1-0ubuntu1~24.04.1
docker-compose-v2	2.40.3+ds1-0ubuntu1~24.04.1
docker.io	29.1.3-0ubuntu3~24.04.2
dos2unix	7.5.1-1
dpkg	1.22.6ubuntu6.6
dpkg-dev	1.22.6ubuntu6.6
e2fsprogs	1.47.0-2.4~exp1ubuntu4.1
e2fsprogs-l10n	1.47.0-2.4~exp1ubuntu4.1
eatmydata	131-1ubuntu1
ed	1.20.1-1
eject	2.39.3-9ubuntu6.6
emacsen-common	3.0.5
ethtool	1:6.7-1build1
fakeroot	1.33-1
fdisk	2.39.3-9ubuntu6.6
ffmpeg	7:6.1.1-3ubuntu5
file	1:5.45-3build1
findutils	4.9.0-5build1
flexc++	2.15.00-1
fontconfig	2.15.0-1.1ubuntu2
fontconfig-config	2.15.0-1.1ubuntu2
fonts-dejavu-core	2.37-8
fonts-dejavu-mono	2.37-8
fonts-droid-fallback	1:6.0.1r16-1.1build1
fonts-freefont-ttf	20211204+svn4273-2
fonts-ipafont-gothic	00303-21ubuntu1
fonts-liberation	1:2.1.5-3
fonts-lyx	2.4.0~RC3-1build4
fonts-noto-cjk	1:20230817+repack1-3
fonts-noto-cjk-extra	1:20230817+repack1-3
fonts-noto-color-emoji	2.047-0ubuntu0.24.04.1
fonts-noto-mono	20201225-2
fonts-opensymbol	4:102.12+LibO24.2.7-0ubuntu0.24.04.6
fonts-tlwg-loma-otf	1:0.7.3-1
fonts-ubuntu	0.869+git20240321-0ubuntu1
fonts-unifont	1:15.1.01-1build1
fonts-urw-base35	20200910-8
fonts-wqy-zenhei	0.9.45-8
fuse3	3.14.0-5build1
g++	4:13.2.0-7ubuntu1
g++-13	13.3.0-6ubuntu2~24.04.1
g++-13-x86-64-linux-gnu	13.3.0-6ubuntu2~24.04.1
g++-x86-64-linux-gnu	4:13.2.0-7ubuntu1
gawk	1:5.2.1-2ubuntu0.1
gcc	4:13.2.0-7ubuntu1
gcc-13	13.3.0-6ubuntu2~24.04.1
gcc-13-base:amd64	13.3.0-6ubuntu2~24.04.1
gcc-13-cross-base	13.3.0-6ubuntu2~24.04.1cross1
gcc-13-riscv64-linux-gnu	13.3.0-6ubuntu2~24.04.1cross1
gcc-13-riscv64-linux-gnu-base:amd64	13.3.0-6ubuntu2~24.04.1cross1
gcc-13-x86-64-linux-gnu	13.3.0-6ubuntu2~24.04.1
gcc-14-base:amd64	14.2.0-4ubuntu2~24.04.1
gcc-14-cross-base	14.2.0-4ubuntu2~24.04.1cross1
gcc-riscv64-linux-gnu	4:13.2.0-7ubuntu1
gcc-x86-64-linux-gnu	4:13.2.0-7ubuntu1
gdb	15.1-1ubuntu1~24.04.1
gdb-multiarch	15.1-1ubuntu1~24.04.1
gdisk	1.0.10-1build1
geoclue-2.0	2.7.0-3ubuntu7
gettext-base	0.21-14ubuntu2
gh	2.98.0
ghostscript	10.02.1~dfsg1-0ubuntu7.8
gir1.2-girepository-2.0:amd64	1.80.1-1
gir1.2-glib-2.0:amd64	2.80.0-6ubuntu3.8
gir1.2-packagekitglib-1.0	1.2.8-2ubuntu1.5
git	1:2.43.0-1ubuntu7.3
git-man	1:2.43.0-1ubuntu7.3
glib-networking:amd64	2.80.0-1build1
glib-networking-common	2.80.0-1build1
glib-networking-services	2.80.0-1build1
gnupg	2.4.4-2ubuntu17.6
gnupg-l10n	2.4.4-2ubuntu17.6
gnupg-utils	2.4.4-2ubuntu17.6
golang-github-containers-common	0.57.4+ds1-2ubuntu0.2
golang-github-containers-image	5.29.2-2
gpg	2.4.4-2ubuntu17.6
gpg-agent	2.4.4-2ubuntu17.6
gpg-wks-client	2.4.4-2ubuntu17.6
gpgconf	2.4.4-2ubuntu17.6
gpgsm	2.4.4-2ubuntu17.6
gpgv	2.4.4-2ubuntu17.6
grep	3.11-4build1
groff-base	1.23.0-3build2
gsettings-desktop-schemas	46.1-0ubuntu1
gstreamer1.0-plugins-base:amd64	1.24.2-1ubuntu0.4
gstreamer1.0-plugins-good:amd64	1.24.2-1ubuntu1.5
gstreamer1.0-x:amd64	1.24.2-1ubuntu0.4
gtk-update-icon-cache	3.24.41-4ubuntu1.3
gzip	1.12-1ubuntu3.2
hicolor-icon-theme	0.17-2
hostname	3.23+nmu2ubuntu2
htop	3.3.0-4build1
humanity-icon-theme	0.6.16
hunspell-en-us	1:2020.12.07-2
hwdata	0.379-1
hwloc	2.10.0-1build1
i965-va-driver:amd64	2.4.1+dfsg1-1ubuntu0.2
ibverbs-providers:amd64	50.0-2ubuntu0.2
icu-devtools	74.2-1ubuntu3.1
iio-sensor-proxy	3.5-1build2
info	7.1-3build2
init	1.66ubuntu1
init-system-helpers	1.66ubuntu1
install-info	7.1-3build2
intel-media-va-driver:amd64	24.1.0+dfsg1-1ubuntu0.2
iproute2	6.1.0-1ubuntu6
iptables	1.8.10-3ubuntu2
iputils-ping	3:20240117-1ubuntu0.1
ipxe-qemu	1.21.1+git-20220113.fbbdc3926-0ubuntu2
iso-codes	4.16.0-1
isympy-common	1.12-7
isympy3	1.12-7
java-common	0.75+exp1
javascript-common	11+nmu1
jq	1.7.1-3ubuntu0.24.04.2
kbd	2.6.4-2ubuntu2
keyboard-configuration	1.226ubuntu1
keyboxd	2.4.4-2ubuntu17.6
kmod	31+20240202-2ubuntu7.2
krb5-locales	1.20.1-6ubuntu2.7
landscape-client	24.02-0ubuntu5.3
landscape-common	24.02-0ubuntu5.3
less	590-2ubuntu2.1
lib32gcc-s1	14.2.0-4ubuntu2~24.04.1
lib32stdc++6	14.2.0-4ubuntu2~24.04.1
libaa1:amd64	1.4p5-51.1
libaacs0:amd64	0.11.1-2build1
libabsl20220623t64:amd64	20220623.1-3.1ubuntu3.2
libabw-0.1-1:amd64	0.1.3-1build4
libacl1:amd64	2.3.2-1build1.1
libaio1t64:amd64	0.3.113-6build1.1
libalgorithm-diff-perl	1.201-1
libalgorithm-diff-xs-perl:amd64	0.04-8build3
libalgorithm-merge-perl	0.08-5
libaom3:amd64	3.8.2-2ubuntu0.1
libapparmor1:amd64	4.0.1really4.0.1-0ubuntu0.24.04.3
libappstream5:amd64	1.0.2-1build6
libapt-pkg6.0t64:amd64	2.7.14build2
libarchive13t64:amd64	3.7.2-2ubuntu0.8
libargon2-1:amd64	0~20190702+dfsg-4build1
libasan8:amd64	14.2.0-4ubuntu2~24.04.1
libasan8-riscv64-cross	14.2.0-4ubuntu2~24.04.1cross1
libasound2-data	1.2.11-1ubuntu0.3
libasound2t64:amd64	1.2.11-1ubuntu0.3
libass9:amd64	1:0.17.1-2build1
libassuan0:amd64	2.5.6-1build1
libasyncns0:amd64	0.8-6build4
libatk-bridge2.0-0t64:amd64	2.52.0-1build1
libatk1.0-0t64:amd64	2.52.0-1build1
libatm1t64:amd64	1:2.5.1-5.1build1
libatomic1:amd64	14.2.0-4ubuntu2~24.04.1
libatomic1-riscv64-cross	14.2.0-4ubuntu2~24.04.1cross1
libatspi2.0-0t64:amd64	2.52.0-1build1
libattr1:amd64	1:2.5.2-1ubuntu0.1
libaudit-common	1:3.1.2-2.1build1.1
libaudit1:amd64	1:3.1.2-2.1build1.1
libauthen-sasl-perl	2.1700-1
libavahi-client3:amd64	0.8-13ubuntu6.2
libavahi-common-data:amd64	0.8-13ubuntu6.2
libavahi-common3:amd64	0.8-13ubuntu6.2
libavahi-core7:amd64	0.8-13ubuntu6.2
libavahi-glib1:amd64	0.8-13ubuntu6.2
libavc1394-0:amd64	0.5.4-5build3
libavcodec60:amd64	7:6.1.1-3ubuntu5
libavdevice60:amd64	7:6.1.1-3ubuntu5
libavfilter9:amd64	7:6.1.1-3ubuntu5
libavformat60:amd64	7:6.1.1-3ubuntu5
libavutil58:amd64	7:6.1.1-3ubuntu5
libbabeltrace1:amd64	1.5.11-3build3
libbdplus0:amd64	0.2.0-3build1
libbinutils:amd64	2.42-4ubuntu2.10
libblas3:amd64	3.12.0-3build1.1
libblkid-dev:amd64	2.39.3-9ubuntu6.6
libblkid1:amd64	2.39.3-9ubuntu6.6
libbluray2:amd64	1:1.3.4-1build1
libbobcat6	6.04.00-1ubuntu3
libboost-iostreams1.83.0:amd64	1.83.0-2.1ubuntu3.2
libboost-locale1.83.0:amd64	1.83.0-2.1ubuntu3.2
libboost-thread1.83.0:amd64	1.83.0-2.1ubuntu3.2
libbpf1:amd64	1:1.3.0-2build2
libbrlapi0.8:amd64	6.6-4ubuntu5
libbrotli-dev:amd64	1.1.0-2build2
libbrotli1:amd64	1.1.0-2build2
libbs2b0:amd64	3.1.0+dfsg-7build1
libbsd0:amd64	0.12.1-1build1.1
libbz2-1.0:amd64	1.0.8-5.1ubuntu0.1
libbz2-dev:amd64	1.0.8-5.1ubuntu0.1
libc-bin	2.39-0ubuntu8.9
libc-dev-bin	2.39-0ubuntu8.9
libc-devtools	2.39-0ubuntu8.9
libc6:amd64	2.39-0ubuntu8.9
libc6-dbg:amd64	2.39-0ubuntu8.9
libc6-dev:amd64	2.39-0ubuntu8.9
libc6-dev-riscv64-cross	2.39-0ubuntu8cross1
libc6-i386	2.39-0ubuntu8.9
libc6-riscv64-cross	2.39-0ubuntu8cross1
libcaca0:amd64	0.99.beta20-4ubuntu0.2
libcacard0:amd64	1:2.8.0-3build4
libcairo-gobject2:amd64	1.18.0-3build1
libcairo-script-interpreter2:amd64	1.18.0-3build1
libcairo2:amd64	1.18.0-3build1
libcairo2-dev:amd64	1.18.0-3build1
libcap-ng0:amd64	0.8.4-2build2
libcap2:amd64	1:2.66-5ubuntu2.4
libcap2-bin	1:2.66-5ubuntu2.4
libcares2:amd64	1.27.0-1.0ubuntu1
libcbor0.10:amd64	0.10.2-1.2ubuntu2
libcc1-0:amd64	14.2.0-4ubuntu2~24.04.1
libcdio-cdda2t64:amd64	10.2+2.0.1-1.1build2
libcdio-paranoia2t64:amd64	10.2+2.0.1-1.1build2
libcdio19t64:amd64	2.1.0-4.1ubuntu1.2
libcdparanoia0:amd64	3.10.2+debian-14build3
libcdr-0.1-1:amd64	0.1.7-1build2
libchromaprint1:amd64	1.5.1-5
libcjson1:amd64	1.7.17-1
libclang-common-18-dev:amd64	1:18.1.3-1ubuntu1
libclang-cpp18	1:18.1.3-1ubuntu1
libclang-rt-18-dev:amd64	1:18.1.3-1ubuntu1
libclang1-18	1:18.1.3-1ubuntu1
libclone-perl:amd64	0.46-1build3
libclucene-contribs1t64:amd64	2.3.3.4+dfsg-1.2ubuntu2
libclucene-core1t64:amd64	2.3.3.4+dfsg-1.2ubuntu2
libcodec2-1.2:amd64	1.2.0-2build1
libcolord2:amd64	1.4.7-1build2
libcom-err2:amd64	1.47.0-2.4~exp1ubuntu4.1
libcrypt-dev:amd64	1:4.4.36-4build1
libcrypt1:amd64	1:4.4.36-4build1
libcryptsetup12:amd64	2:2.7.0-1ubuntu4.2
libctf-nobfd0:amd64	2.42-4ubuntu2.10
libctf0:amd64	2.42-4ubuntu2.10
libcups2t64:amd64	2.4.7-1.2ubuntu7.14
libcurl3t64-gnutls:amd64	8.5.0-2ubuntu10.13
libcurl4t64:amd64	8.5.0-2ubuntu10.13
libdaemon0:amd64	0.14-7.1ubuntu4
libdata-dump-perl	1.25-1
libdatrie1:amd64	0.2.13-3build1
libdav1d7:amd64	1.4.1-1build1
libdaxctl1:amd64	77-2ubuntu2
libdb5.3t64:amd64	5.3.28+dfsg2-7
libdbus-1-3:amd64	1.14.10-4ubuntu4.1
libdc1394-25:amd64	2.2.6-4build1
libdconf1:amd64	0.40.0-4build2
libde265-0:amd64	1.0.15-1ubuntu0.1
libdebconfclient0:amd64	0.271ubuntu3
libdebuginfod-common	0.190-1.1ubuntu0.1
libdebuginfod1t64:amd64	0.190-1.1ubuntu0.1
libdecor-0-0:amd64	0.2.2-1build2
libdecor-0-plugin-1-gtk:amd64	0.2.2-1build2
libdeflate0:amd64	1.19-1build1.1
libdevmapper1.02.1:amd64	2:1.02.185-3ubuntu3.2
libdouble-conversion3:amd64	3.3.0-1build1
libdpkg-perl	1.22.6ubuntu6.6
libdrm-amdgpu1:amd64	2.4.125-1ubuntu0.1~24.04.2
libdrm-common	2.4.125-1ubuntu0.1~24.04.2
libdrm-intel1:amd64	2.4.125-1ubuntu0.1~24.04.2
libdrm2:amd64	2.4.125-1ubuntu0.1~24.04.2
libduktape207:amd64	2.7.0+tests-0ubuntu3
libdv4t64:amd64	1.0.0-17.1build1
libdw1t64:amd64	0.190-1.1ubuntu0.1
libe-book-0.1-1:amd64	0.1.3-2build6
libeatmydata1:amd64	131-1ubuntu1
libedit2:amd64	3.1-20230828-1build1
libegl-mesa0:amd64	25.2.8-0ubuntu0.24.04.2
libegl1:amd64	1.7.0-1build1
libelf1t64:amd64	0.190-1.1ubuntu0.1
libencode-locale-perl	1.05-3
libeot0:amd64	0.01-5build3
libepoxy0:amd64	1.5.10-1build1
libepubgen-0.1-1:amd64	0.1.1-1ubuntu6
liberror-perl	0.17029-2
libestr0:amd64	0.1.11-1build1
libetonyek-0.1-1:amd64	0.1.10-5build1
libevdev2:amd64	1.13.1+dfsg-1build1
libevent-core-2.1-7t64:amd64	2.1.12-stable-9ubuntu2.1
libexpat1:amd64	2.6.1-2ubuntu0.4
libexpat1-dev:amd64	2.6.1-2ubuntu0.4
libext2fs2t64:amd64	1.47.0-2.4~exp1ubuntu4.1
libexttextcat-2.0-0:amd64	3.4.7-1build1
libexttextcat-data	3.4.7-1build1
libfakeroot:amd64	1.33-1
libfastjson4:amd64	1.2304.0-1build1
libfdisk1:amd64	2.39.3-9ubuntu6.6
libfdt1:amd64	1.7.0-2build1
libffi-dev:amd64	3.4.6-1build1
libffi8:amd64	3.4.6-1build1
libfftw3-double3:amd64	3.3.10-1ubuntu3
libfido2-1:amd64	1.14.0-1build3
libfile-basedir-perl	0.09-2
libfile-desktopentry-perl	0.22-3
libfile-fcntllock-perl	0.22-4ubuntu5
libfile-listing-perl	6.16-1
libfile-mimeinfo-perl	0.34-1
libflac12t64:amd64	1.4.3+ds-2.1ubuntu2
libflite1:amd64	2.2-6build3
libfont-afm-perl	1.20-4
libfontconfig-dev:amd64	2.15.0-1.1ubuntu2
libfontconfig1:amd64	2.15.0-1.1ubuntu2
libfontenc1:amd64	1:1.1.8-1build1
libfreehand-0.1-1	0.1.2-3build3
libfreetype-dev:amd64	2.13.2+dfsg-1ubuntu0.1
libfreetype6:amd64	2.13.2+dfsg-1ubuntu0.1
libfribidi0:amd64	1.0.13-3build1
libfuse3-3:amd64	3.14.0-5build1
libgbm1:amd64	25.2.8-0ubuntu0.24.04.2
libgc1:amd64	1:8.2.6-1build1
libgcc-13-dev:amd64	13.3.0-6ubuntu2~24.04.1
libgcc-13-dev-riscv64-cross	13.3.0-6ubuntu2~24.04.1cross1
libgcc-s1:amd64	14.2.0-4ubuntu2~24.04.1
libgcc-s1-riscv64-cross	14.2.0-4ubuntu2~24.04.1cross1
libgcrypt20:amd64	1.10.3-2ubuntu0.2
libgd3:amd64	2.3.3-9ubuntu5
libgdbm-compat4t64:amd64	1.23-5.1build1
libgdbm6t64:amd64	1.23-5.1build1
libgdk-pixbuf-2.0-0:amd64	2.42.10+dfsg-3ubuntu3.3
libgdk-pixbuf2.0-bin	2.42.10+dfsg-3ubuntu3.3
libgdk-pixbuf2.0-common	2.42.10+dfsg-3ubuntu3.3
libgfortran5:amd64	14.2.0-4ubuntu2~24.04.1
libgirepository-1.0-1:amd64	1.80.1-1
libgirepository-2.0-0:amd64	2.80.0-6ubuntu3.8
libgl1:amd64	1.7.0-1build1
libgl1-mesa-dri:amd64	25.2.8-0ubuntu0.24.04.2
libgles2:amd64	1.7.0-1build1
libglib2.0-0t64:amd64	2.80.0-6ubuntu3.8
libglib2.0-bin	2.80.0-6ubuntu3.8
libglib2.0-data	2.80.0-6ubuntu3.8
libglib2.0-dev:amd64	2.80.0-6ubuntu3.8
libglib2.0-dev-bin	2.80.0-6ubuntu3.8
libglvnd0:amd64	1.7.0-1build1
libglx-mesa0:amd64	25.2.8-0ubuntu0.24.04.2
libglx0:amd64	1.7.0-1build1
libgme0:amd64	0.6.3-7build1
libgmp10:amd64	2:6.3.0+dfsg-2ubuntu6.1
libgnutls30t64:amd64	3.8.3-1.1ubuntu3.6
libgomp1:amd64	14.2.0-4ubuntu2~24.04.1
libgomp1-riscv64-cross	14.2.0-4ubuntu2~24.04.1cross1
libgpg-error-l10n	1.47-3build2.1
libgpg-error0:amd64	1.47-3build2.1
libgpgme11t64:amd64	1.18.0-4.1ubuntu4
libgpgmepp6t64:amd64	1.18.0-4.1ubuntu4
libgpm2:amd64	1.20.7-11
libgprofng0:amd64	2.42-4ubuntu2.10
libgraphite2-3:amd64	1.3.14-2ubuntu0.24.04.1
libgs-common	10.02.1~dfsg1-0ubuntu7.8
libgs10:amd64	10.02.1~dfsg1-0ubuntu7.8
libgs10-common	10.02.1~dfsg1-0ubuntu7.8
libgsm1:amd64	1.0.22-1build1
libgssapi-krb5-2:amd64	1.20.1-6ubuntu2.7
libgstreamer-plugins-base1.0-0:amd64	1.24.2-1ubuntu0.4
libgstreamer-plugins-good1.0-0:amd64	1.24.2-1ubuntu1.5
libgstreamer1.0-0:amd64	1.24.2-1ubuntu0.1
libgtk-3-0t64:amd64	3.24.41-4ubuntu1.3
libgtk-3-bin	3.24.41-4ubuntu1.3
libgtk-3-common	3.24.41-4ubuntu1.3
libgudev-1.0-0:amd64	1:238-5ubuntu1
libharfbuzz-icu0:amd64	8.3.0-2build2
libharfbuzz0b:amd64	8.3.0-2build2
libheif-plugin-aomdec:amd64	1.17.6-1ubuntu4.8
libheif-plugin-aomenc:amd64	1.17.6-1ubuntu4.8
libheif-plugin-libde265:amd64	1.17.6-1ubuntu4.8
libheif1:amd64	1.17.6-1ubuntu4.8
libhogweed6t64:amd64	3.9.1-2.2build1.1
libhtml-form-perl	6.11-1
libhtml-format-perl	2.16-2
libhtml-parser-perl:amd64	3.81-1ubuntu0.1
libhtml-tagset-perl	3.20-6
libhtml-tree-perl	5.07-3
libhttp-cookies-perl	6.11-1
libhttp-daemon-perl	6.16-1ubuntu0.24.04.1
libhttp-date-perl	6.06-1ubuntu0.24.04.1
libhttp-message-perl	6.45-1ubuntu1
libhttp-negotiate-perl	6.01-2
libhunspell-1.7-0:amd64	1.7.2+really1.7.2-10build3
libhwasan0:amd64	14.2.0-4ubuntu2~24.04.1
libhwloc-plugins:amd64	2.10.0-1build1
libhwloc15:amd64	2.10.0-1build1
libhwy1t64:amd64	1.0.7-8.1build1
libhyphen0:amd64	2.8.8-7build3
libibverbs1:amd64	50.0-2ubuntu0.2
libice-dev:amd64	2:1.0.10-1build3
libice6:amd64	2:1.0.10-1build3
libicu-dev:amd64	74.2-1ubuntu3.1
libicu74:amd64	74.2-1ubuntu3.1
libidn12:amd64	1.42-1ubuntu0.1
libidn2-0:amd64	2.3.7-2build1.1
libiec61883-0:amd64	1.2.0-6build1
libigdgmm12:amd64	22.3.17+ds1-1ubuntu1
libijs-0.35:amd64	0.35-15.1build1
libimagequant0:amd64	2.18.0-1build1
libinput-bin	1.25.0-1ubuntu3.4
libinput10:amd64	1.25.0-1ubuntu3.4
libio-html-perl	1.004-3
libio-socket-ssl-perl	2.085-1
libio-stringy-perl	2.111-3
libip4tc2:amd64	1.8.10-3ubuntu2
libip6tc2:amd64	1.8.10-3ubuntu2
libipc-system-simple-perl	1.30-2
libipt2	2.0.6-1build1
libiscsi7:amd64	1.19.0-3build4
libisl23:amd64	0.26-3build1.1
libitm1:amd64	14.2.0-4ubuntu2~24.04.1
libitm1-riscv64-cross	14.2.0-4ubuntu2~24.04.1cross1
libjack-jackd2-0:amd64	1.9.21~dfsg-3ubuntu3
libjansson4:amd64	2.14-2build2
libjbig0:amd64	2.1-6.1ubuntu2
libjbig2dec0:amd64	0.20-1ubuntu0.24.04.1
libjpeg-turbo8:amd64	2.1.5-2ubuntu2
libjpeg8:amd64	8c-2ubuntu11
libjq1:amd64	1.7.1-3ubuntu0.24.04.2
libjs-jquery	3.6.1+dfsg+~3.5.14-1
libjs-jquery-ui	1.13.2+dfsg-1
libjs-sphinxdoc	7.2.6-6
libjs-underscore	1.13.4~dfsg+~1.11.4-3
libjson-c5:amd64	0.17-1build1
libjson-glib-1.0-0:amd64	1.8.0-2build2
libjson-glib-1.0-common	1.8.0-2build2
libjsoncpp25:amd64	1.9.5-6build1
libjxl0.7:amd64	0.7.0-10.2ubuntu6.1
libk5crypto3:amd64	1.20.1-6ubuntu2.7
libkeyutils1:amd64	1.6.3-3build1
libkmod2:amd64	31+20240202-2ubuntu7.2
libkrb5-3:amd64	1.20.1-6ubuntu2.7
libkrb5support0:amd64	1.20.1-6ubuntu2.7
libksba8:amd64	1.6.6-1build1
liblangtag-common	0.6.7-1build2
liblangtag1:amd64	0.6.7-1build2
liblapack3:amd64	3.12.0-3build1.1
liblbfgsb0:amd64	3.0+dfsg.4-1build1
liblcms2-2:amd64	2.14-2ubuntu0.1
libldap-common	2.6.7+dfsg-1~exp1ubuntu8.2
libldap2:amd64	2.6.7+dfsg-1~exp1ubuntu8.2
liblerc4:amd64	4.0.0+ds-4ubuntu2
liblilv-0-0:amd64	0.24.22-1build1
libllvm18:amd64	1:18.1.3-1ubuntu1
libllvm20:amd64	1:20.1.2-0ubuntu1~24.04.3
liblocale-gettext-perl	1.07-6ubuntu5
liblsan0:amd64	14.2.0-4ubuntu2~24.04.1
libltdl7:amd64	2.4.7-7build1
liblwp-mediatypes-perl	6.04-2
liblwp-protocol-https-perl	6.13-1
liblz4-1:amd64	1.9.4-1build1.1
liblzma5:amd64	5.6.1+really5.4.5-1ubuntu0.3
liblzo2-2:amd64	2.10-2build4
libmagic-mgc	1:5.45-3build1
libmagic1t64:amd64	1:5.45-3build1
libmailtools-perl	2.21-2
libmbedcrypto7t64:amd64	2.28.8-1
libmbim-glib4:amd64	1.31.2-0ubuntu3.1
libmbim-proxy	1.31.2-0ubuntu3.1
libmbim-utils	1.31.2-0ubuntu3.1
libmd0:amd64	1.1.0-2build1.1
libmd4c0:amd64	0.4.8-1build1
libmhash2:amd64	0.9.9.9-9build3
libmilter1.0.1:amd64	8.18.1-2
libmm-glib0:amd64	1.23.4-0ubuntu2
libmnl0:amd64	1.0.5-2build1
libmount-dev:amd64	2.39.3-9ubuntu6.6
libmount1:amd64	2.39.3-9ubuntu6.6
libmp3lame0:amd64	3.100-6build1
libmpc3:amd64	1.3.1-1build1.1
libmpfr6:amd64	4.2.1-1build1.1
libmpg123-0t64:amd64	1.32.5-1ubuntu1.1
libmspub-0.1-1:amd64	0.1.4-3build7
libmtdev1t64:amd64	1.1.6-1.1build1
libmwaw-0.3-3:amd64	0.3.22-1build1
libmysofa1:amd64	1.3.2+dfsg-2ubuntu2
libmythes-1.2-0:amd64	2:1.2.5-1build1
libncurses-dev:amd64	6.4+20240113-1ubuntu2.2
libncurses6:amd64	6.4+20240113-1ubuntu2.2
libncursesw6:amd64	6.4+20240113-1ubuntu2.2
libndctl6:amd64	77-2ubuntu2
libnet-dbus-perl	1.2.0-2build3
libnet-http-perl	6.23-1
libnet-smtp-ssl-perl	1.04-2
libnet-ssleay-perl:amd64	1.94-1build4
libnetfilter-conntrack3:amd64	1.0.9-6build1
libnetplan1:amd64	1.1.1-1~ubuntu24.04.1
libnettle8t64:amd64	3.9.1-2.2build1.1
libnewt0.52:amd64	0.52.24-2ubuntu2
libnfnetlink0:amd64	1.0.2-2build1
libnfs14:amd64	5.0.2-1ubuntu0.24.04.1
libnftables1:amd64	1.0.9-1build1
libnftnl11:amd64	1.2.6-2build1
libnghttp2-14:amd64	1.59.0-1ubuntu0.4
libnl-3-200:amd64	3.7.0-0.3build1.1
libnl-genl-3-200:amd64	3.7.0-0.3build1.1
libnl-route-3-200:amd64	3.7.0-0.3build1.1
libnode109:amd64	18.19.1+dfsg-6ubuntu5
libnorm1t64:amd64	1.5.9+dfsg-3.1build1
libnotify4:amd64	0.8.3-1build2
libnpth0t64:amd64	1.6-3.1build1
libnspr4:amd64	2:4.35-1.1build1
libnss-mdns:amd64	0.15.1-4build1
libnss-systemd:amd64	255.4-1ubuntu8.17
libnss3:amd64	2:3.98-1ubuntu0.2
libnuma1:amd64	2.0.18-1ubuntu0.24.04.1
libobjc-13-dev:amd64	13.3.0-6ubuntu2~24.04.1
libobjc4:amd64	14.2.0-4ubuntu2~24.04.1
libodfgen-0.1-1:amd64	0.1.8-2build3
libogg0:amd64	1.3.5-3build1
libonig5:amd64	6.9.9-1build1
libopenal-data	1:1.23.1-4build1
libopenal1:amd64	1:1.23.1-4build1
libopenconnect5:amd64	9.12-1build5
libopenjp2-7:amd64	2.5.0-2ubuntu0.5
libopenmpt0t64:amd64	0.7.3-1.1build3
libopus0:amd64	1.4-1build1
liborc-0.4-0t64:amd64	1:0.4.38-1ubuntu0.1
liborcus-0.18-0:amd64	0.19.2-3build3
liborcus-parser-0.18-0:amd64	0.19.2-3build3
libp11-kit0:amd64	0.25.3-4ubuntu2.2
libpackagekit-glib2-18:amd64	1.2.8-2ubuntu1.5
libpagemaker-0.0-0:amd64	0.0.4-1build4
libpam-cap:amd64	1:2.66-5ubuntu2.4
libpam-modules:amd64	1.5.3-5ubuntu5.7
libpam-modules-bin	1.5.3-5ubuntu5.7
libpam-runtime	1.5.3-5ubuntu5.7
libpam-systemd:amd64	255.4-1ubuntu8.17
libpam0g:amd64	1.5.3-5ubuntu5.7
libpango-1.0-0:amd64	1.52.1+ds-1build1
libpangocairo-1.0-0:amd64	1.52.1+ds-1build1
libpangoft2-1.0-0:amd64	1.52.1+ds-1build1
libpaper-utils	1.1.29build1
libpaper1:amd64	1.1.29build1
libpci3:amd64	1:3.10.0-2build1
libpciaccess0:amd64	0.17-3build1
libpcre2-16-0:amd64	10.42-4ubuntu2.1
libpcre2-32-0:amd64	10.42-4ubuntu2.1
libpcre2-8-0:amd64	10.42-4ubuntu2.1
libpcre2-dev:amd64	10.42-4ubuntu2.1
libpcre2-posix3:amd64	10.42-4ubuntu2.1
libpcsclite1:amd64	2.0.3-1build1
libperl5.38t64:amd64	5.38.2-3.2ubuntu0.4
libpfm4:amd64	4.13.0+git32-g0d4ed0e-1ubuntu0.1
libpgm-5.3-0t64:amd64	5.3.128~dfsg-2.1build1
libpipeline1:amd64	1.5.7-2
libpipewire-0.3-0t64:amd64	1.0.5-1ubuntu3.3
libpipewire-0.3-common	1.0.5-1ubuntu3.3
libpixman-1-0:amd64	0.42.2-1build1
libpixman-1-dev:amd64	0.42.2-1build1
libpkgconf3:amd64	1.8.1-2build1
libplacebo338:amd64	6.338.2-2build1
libpmem1:amd64	1.13.1-1.1ubuntu2
libpmemobj1:amd64	1.13.1-1.1ubuntu2
libpng-dev:amd64	1.6.43-5ubuntu0.6
libpng-tools	1.6.43-5ubuntu0.6
libpng16-16t64:amd64	1.6.43-5ubuntu0.6
libpocketsphinx3:amd64	0.8.0+real5prealpha+1-15ubuntu5
libpolkit-agent-1-0:amd64	124-2ubuntu1.24.04.3
libpolkit-gobject-1-0:amd64	124-2ubuntu1.24.04.3
libpoppler134:amd64	24.02.0-1ubuntu9.9
libpopt0:amd64	1.19+dfsg-1build1
libpostproc57:amd64	7:6.1.1-3ubuntu5
libproc2-0:amd64	2:4.0.4-4ubuntu3.2
libproxy1v5:amd64	0.5.4-4build1
libpskc0t64:amd64	2.6.11-2.1ubuntu0.1
libpsl5t64:amd64	0.21.2-1.1build1
libpthread-stubs0-dev:amd64	0.4-1build3
libpulse0:amd64	1:16.1+dfsg1-2ubuntu10.1
libpython3-dev:amd64	3.12.3-0ubuntu2.1
libpython3-stdlib:amd64	3.12.3-0ubuntu2.1
libpython3.12-dev:amd64	3.12.3-1ubuntu0.17
libpython3.12-minimal:amd64	3.12.3-1ubuntu0.17
libpython3.12-stdlib:amd64	3.12.3-1ubuntu0.17
libpython3.12t64:amd64	3.12.3-1ubuntu0.17
libqhull-r8.0:amd64	2020.2-6build1
libqmi-glib5:amd64	1.35.2-0ubuntu2
libqmi-proxy	1.35.2-0ubuntu2
libqmi-utils	1.35.2-0ubuntu2
libqrtr-glib0:amd64	1.2.2-1ubuntu4
libqt5core5t64:amd64	5.15.13+dfsg-1ubuntu1
libqt5dbus5t64:amd64	5.15.13+dfsg-1ubuntu1
libqt5gui5t64:amd64	5.15.13+dfsg-1ubuntu1
libqt5network5t64:amd64	5.15.13+dfsg-1ubuntu1
libqt5positioning5:amd64	5.15.13+dfsg-1
libqt5printsupport5t64:amd64	5.15.13+dfsg-1ubuntu1
libqt5qml5:amd64	5.15.13+dfsg-1ubuntu0.1
libqt5qmlmodels5:amd64	5.15.13+dfsg-1ubuntu0.1
libqt5quick5:amd64	5.15.13+dfsg-1ubuntu0.1
libqt5sensors5:amd64	5.15.13-1
libqt5svg5:amd64	5.15.13-1
libqt5waylandclient5:amd64	5.15.13-1
libqt5waylandcompositor5:amd64	5.15.13-1
libqt5webchannel5:amd64	5.15.13-1
libqt5webkit5:amd64	5.212.0~alpha4-36
libqt5widgets5t64:amd64	5.15.13+dfsg-1ubuntu1
libquadmath0:amd64	14.2.0-4ubuntu2~24.04.1
librabbitmq4:amd64	0.11.0-1ubuntu0.2
librados2	19.2.3-0ubuntu0.24.04.3
libraptor2-0:amd64	2.0.16-3ubuntu0.1
libraqm0:amd64	0.10.1-1build1
librasqal3t64:amd64	0.9.33-2.1build1
librav1e0:amd64	0.7.1-2
libraw1394-11:amd64	2.1.2-2build3
librbd1	19.2.3-0ubuntu0.24.04.3
librdf0t64:amd64	1.0.17-3.1ubuntu3
librdmacm1t64:amd64	50.0-2ubuntu0.2
libreadline8t64:amd64	8.2-4build1
libreoffice-base-core	4:24.2.7-0ubuntu0.24.04.6
libreoffice-common	4:24.2.7-0ubuntu0.24.04.6
libreoffice-core	4:24.2.7-0ubuntu0.24.04.6
libreoffice-draw	4:24.2.7-0ubuntu0.24.04.6
libreoffice-impress	4:24.2.7-0ubuntu0.24.04.6
libreoffice-math	4:24.2.7-0ubuntu0.24.04.6
libreoffice-style-colibre	4:24.2.7-0ubuntu0.24.04.6
libreoffice-uiconfig-common	4:24.2.7-0ubuntu0.24.04.6
libreoffice-uiconfig-draw	4:24.2.7-0ubuntu0.24.04.6
libreoffice-uiconfig-impress	4:24.2.7-0ubuntu0.24.04.6
libreoffice-uiconfig-math	4:24.2.7-0ubuntu0.24.04.6
libreoffice-uiconfig-writer	4:24.2.7-0ubuntu0.24.04.6
libreoffice-writer	4:24.2.7-0ubuntu0.24.04.6
librevenge-0.0-0:amd64	0.0.5-3build1
librhash0:amd64	1.4.3-3build1
librist4:amd64	0.2.10+dfsg-2
librsvg2-2:amd64	2.58.0+dfsg-1build1
librsvg2-common:amd64	2.58.0+dfsg-1build1
librtmp1:amd64	2.4+20151223.gitfa8646d.1-2build7
librubberband2:amd64	3.3.0+dfsg-2build1
libsamplerate0:amd64	0.2.2-4build1
libsasl2-2:amd64	2.1.28+dfsg1-5ubuntu3.1
libsasl2-modules:amd64	2.1.28+dfsg1-5ubuntu3.1
libsasl2-modules-db:amd64	2.1.28+dfsg1-5ubuntu3.1
libsdl2-2.0-0:amd64	2.30.0+dfsg-1ubuntu3.1
libseccomp2:amd64	2.5.5-1ubuntu3.1
libselinux1:amd64	3.5-2ubuntu2.1
libselinux1-dev:amd64	3.5-2ubuntu2.1
libsemanage-common	3.5-1build5
libsemanage2:amd64	3.5-1build5
libsensors-config	1:3.6.0-9build1
libsensors5:amd64	1:3.6.0-9build1
libsepol-dev:amd64	3.5-2build1
libsepol2:amd64	3.5-2build1
libserd-0-0:amd64	0.32.2-1
libsframe1:amd64	2.42-4ubuntu2.10
libsharpyuv0:amd64	1.3.2-0.4build3
libshine3:amd64	3.1.1-2build1
libshout3:amd64	2.4.6-1build2
libsigsegv2:amd64	2.14-1ubuntu2
libslang2:amd64	2.3.3-3build2
libslirp0:amd64	4.7.0-1ubuntu3.1
libsm-dev:amd64	2:1.2.3-1build3
libsm6:amd64	2:1.2.3-1build3
libsmartcols1:amd64	2.39.3-9ubuntu6.6
libsnappy1v5:amd64	1.1.10-1build1
libsndfile1:amd64	1.2.2-1ubuntu5.24.04.1
libsndio7.0:amd64	1.9.0-0.3build3
libsodium23:amd64	1.0.18-1ubuntu0.24.04.1
libsord-0-0:amd64	0.16.16-2build1
libsoup-3.0-0:amd64	3.4.4-5ubuntu0.7
libsoup-3.0-common	3.4.4-5ubuntu0.7
libsource-highlight-common	3.1.9-4.3build1
libsource-highlight4t64:amd64	3.1.9-4.3build1
libsoxr0:amd64	0.1.3-4build3
libspa-0.2-modules:amd64	1.0.5-1ubuntu3.3
libspeex1:amd64	1.2.1-2ubuntu2.24.04.1
libsphinxbase3t64:amd64	0.8+5prealpha+1-17build2
libspice-server1:amd64	0.15.1-1build2
libsqlite3-0:amd64	3.45.1-1ubuntu2.7
libsratom-0-0:amd64	0.6.16-1build1
libsrt1.5-gnutls:amd64	1.5.3-1build2
libss2:amd64	1.47.0-2.4~exp1ubuntu4.1
libssh-4:amd64	0.10.6-2ubuntu0.5
libssh-gcrypt-4:amd64	0.10.6-2ubuntu0.5
libssl3t64:amd64	3.0.13-0ubuntu3.15
libstdc++-13-dev:amd64	13.3.0-6ubuntu2~24.04.1
libstdc++6:amd64	14.2.0-4ubuntu2~24.04.1
libstdc++6-riscv64-cross	14.2.0-4ubuntu2~24.04.1cross1
libstemmer0d:amd64	2.2.0-4build1
libstoken1t64:amd64	0.92-1.1build2
libsvtav1enc1d1:amd64	1.7.0+dfsg-2build1
libswresample4:amd64	7:6.1.1-3ubuntu5
libswscale7:amd64	7:6.1.1-3ubuntu5
libsystemd-shared:amd64	255.4-1ubuntu8.17
libsystemd0:amd64	255.4-1ubuntu8.17
libtag1v5:amd64	1.13.1-1build1
libtag1v5-vanilla:amd64	1.13.1-1build1
libtasn1-6:amd64	4.19.0-3ubuntu0.24.04.2
libtcl8.6:amd64	8.6.14+dfsg-1build1
libtext-charwidth-perl:amd64	0.04-11build3
libtext-iconv-perl:amd64	1.7-8build3
libtext-wrapi18n-perl	0.06-10
libthai-data	0.1.29-2build1
libthai0:amd64	0.1.29-2build1
libtheora0:amd64	1.1.1+dfsg.1-16.1build3
libtie-ixhash-perl	1.23-4
libtiff6:amd64	4.5.1+git230720-4ubuntu2.5
libtimedate-perl	2.3300-2
libtinfo6:amd64	6.4+20240113-1ubuntu2.2
libtirpc-common	1.3.4+ds-1.1build1
libtirpc3t64:amd64	1.3.4+ds-1.1build1
libtk8.6:amd64	8.6.14-1build1
libtomcrypt1:amd64	1.18.2+dfsg-7build1
libtommath1:amd64	1.2.1-2build1
libtraceevent1:amd64	1:1.8.2-1ubuntu2.1
libtry-tiny-perl	0.31-2
libtsan2:amd64	14.2.0-4ubuntu2~24.04.1
libtss2-esys-3.0.2-0t64:amd64	4.0.1-7.1ubuntu5.1
libtss2-mu-4.0.1-0t64:amd64	4.0.1-7.1ubuntu5.1
libtss2-sys1t64:amd64	4.0.1-7.1ubuntu5.1
libtss2-tcti-cmd0t64:amd64	4.0.1-7.1ubuntu5.1
libtss2-tcti-device0t64:amd64	4.0.1-7.1ubuntu5.1
libtss2-tcti-libtpms0t64:amd64	4.0.1-7.1ubuntu5.1
libtss2-tcti-mssim0t64:amd64	4.0.1-7.1ubuntu5.1
libtss2-tcti-spi-helper0t64:amd64	4.0.1-7.1ubuntu5.1
libtss2-tcti-swtpm0t64:amd64	4.0.1-7.1ubuntu5.1
libtss2-tctildr0t64:amd64	4.0.1-7.1ubuntu5.1
libtwolame0:amd64	0.4.0-2build3
libubsan1:amd64	14.2.0-4ubuntu2~24.04.1
libubsan1-riscv64-cross	14.2.0-4ubuntu2~24.04.1cross1
libuchardet0:amd64	0.0.8-1build1
libudev1:amd64	255.4-1ubuntu8.17
libudfread0:amd64	1.1.2-1build1
libunibreak5:amd64	5.1-2build1
libunistring5:amd64	1.1-2build1.1
libuno-cppu3t64	4:24.2.7-0ubuntu0.24.04.6
libuno-cppuhelpergcc3-3t64	4:24.2.7-0ubuntu0.24.04.6
libuno-purpenvhelpergcc3-3t64	4:24.2.7-0ubuntu0.24.04.6
libuno-sal3t64	4:24.2.7-0ubuntu0.24.04.6
libuno-salhelpergcc3-3t64	4:24.2.7-0ubuntu0.24.04.6
libunwind8:amd64	1.6.2-3build1.1
liburi-perl	5.27-1
liburing2:amd64	2.5-1build1
libusb-1.0-0:amd64	2:1.0.27-1
libusbredirparser1t64:amd64	0.13.0-2.1build1
libutempter0:amd64	1.2.1-3build1
libuuid1:amd64	2.39.3-9ubuntu6.6
libuv1t64:amd64	1.48.0-1.1build1
libv4l-0t64:amd64	1.26.1-4build3
libv4lconvert0t64:amd64	1.26.1-4build3
libva-drm2:amd64	2.20.0-2ubuntu0.2
libva-x11-2:amd64	2.20.0-2ubuntu0.2
libva2:amd64	2.20.0-2ubuntu0.2
libvdpau1:amd64	1.5-2build1
libvidstab1.1:amd64	1.1.0-2build1
libvirglrenderer1:amd64	1.0.0-1ubuntu2
libvisio-0.1-1:amd64	0.1.7-1build9
libvisual-0.4-0:amd64	0.4.2-2build1
libvorbis0a:amd64	1.3.7-1build3
libvorbisenc2:amd64	1.3.7-1build3
libvorbisfile3:amd64	1.3.7-1build3
libvpl2	2023.3.0-1build1
libvpx9:amd64	1.14.0-1ubuntu2.3
libvte-2.91-0:amd64	0.76.0-1ubuntu0.1
libvte-2.91-common	0.76.0-1ubuntu0.1
libvulkan1:amd64	1.3.275.0-1build1
libwacom-common	2.10.0-2
libwacom9:amd64	2.10.0-2
libwavpack1:amd64	5.6.0-1build1
libwayland-client0:amd64	1.22.0-2.1build1
libwayland-cursor0:amd64	1.22.0-2.1build1
libwayland-egl1:amd64	1.22.0-2.1build1
libwayland-server0:amd64	1.22.0-2.1build1
libwebp7:amd64	1.3.2-0.4build3
libwebpdemux2:amd64	1.3.2-0.4build3
libwebpmux3:amd64	1.3.2-0.4build3
libwebrtc-audio-processing1:amd64	0.3.1-0ubuntu6
libwoff1:amd64	1.0.2-2build1
libwpd-0.10-10:amd64	0.10.3-2build2
libwpg-0.3-3:amd64	0.3.4-3build1
libwps-0.4-4:amd64	0.4.14-2build1
libwww-perl	6.76-1ubuntu0.1
libwww-robotrules-perl	6.02-1
libx11-6:amd64	2:1.8.7-1build1
libx11-data	2:1.8.7-1build1
libx11-dev:amd64	2:1.8.7-1build1
libx11-protocol-perl	0.56-9
libx11-xcb1:amd64	2:1.8.7-1build1
libx264-164:amd64	2:0.164.3108+git31e19f9-1
libx265-199:amd64	3.5-2build1
libxau-dev:amd64	1:1.0.9-1build6
libxau6:amd64	1:1.0.9-1build6
libxaw7:amd64	2:1.0.14-1build2
libxcb-dri3-0:amd64	1.15-1ubuntu2
libxcb-glx0:amd64	1.15-1ubuntu2
libxcb-icccm4:amd64	0.4.1-1.1build3
libxcb-image0:amd64	0.4.0-2build1
libxcb-keysyms1:amd64	0.4.0-1build4
libxcb-present0:amd64	1.15-1ubuntu2
libxcb-randr0:amd64	1.15-1ubuntu2
libxcb-render-util0:amd64	0.3.9-1build4
libxcb-render0:amd64	1.15-1ubuntu2
libxcb-render0-dev:amd64	1.15-1ubuntu2
libxcb-shape0:amd64	1.15-1ubuntu2
libxcb-shm0:amd64	1.15-1ubuntu2
libxcb-shm0-dev:amd64	1.15-1ubuntu2
libxcb-sync1:amd64	1.15-1ubuntu2
libxcb-util1:amd64	0.4.0-1build3
libxcb-xfixes0:amd64	1.15-1ubuntu2
libxcb-xinerama0:amd64	1.15-1ubuntu2
libxcb-xinput0:amd64	1.15-1ubuntu2
libxcb-xkb1:amd64	1.15-1ubuntu2
libxcb1:amd64	1.15-1ubuntu2
libxcb1-dev:amd64	1.15-1ubuntu2
libxcomposite1:amd64	1:0.4.5-1build3
libxcursor1:amd64	1:1.2.1-1build1
libxdamage1:amd64	1:1.1.6-1build1
libxdmcp-dev:amd64	1:1.1.3-0ubuntu6
libxdmcp6:amd64	1:1.1.3-0ubuntu6
libxext-dev:amd64	2:1.3.4-1build2
libxext6:amd64	2:1.3.4-1build2
libxfixes3:amd64	1:6.0.0-2build1
libxfont2:amd64	1:2.0.6-1+deb13u1build0.24.04.2
libxft2:amd64	2.3.6-1build1
libxi6:amd64	2:1.8.1-1build1
libxinerama1:amd64	2:1.1.4-3build1
libxkbcommon-x11-0:amd64	1.6.0-1build1
libxkbcommon0:amd64	1.6.0-1build1
libxkbfile1:amd64	1:1.1.0-1build4
libxml-parser-perl	2.47-1ubuntu0.24.04.1
libxml-twig-perl	1:3.52-2
libxml-xpathengine-perl	0.14-2
libxml2:amd64	2.9.14+dfsg-1.3ubuntu3.8
libxml2-dev:amd64	2.9.14+dfsg-1.3ubuntu3.8
libxmlb2:amd64	0.3.18-1
libxmlsec1t64:amd64	1.2.39-5build2
libxmlsec1t64-nss:amd64	1.2.39-5build2
libxmlsec1t64-openssl:amd64	1.2.39-5build2
libxmu6:amd64	2:1.1.3-3build2
libxmuu1:amd64	2:1.1.3-3build2
libxnvctrl0:amd64	510.47.03-0ubuntu4.24.04.1
libxpm4:amd64	1:3.5.17-1ubuntu0.24.04.1
libxrandr2:amd64	2:1.5.2-2build1
libxrender-dev:amd64	1:0.9.10-1.1build1
libxrender1:amd64	1:0.9.10-1.1build1
libxshmfence1:amd64	1.3-1build5
libxslt1.1:amd64	1.1.39-0exp1ubuntu0.24.04.3
libxss1:amd64	1:1.2.3-1build3
libxt6t64:amd64	1:1.2.1-1.2build1
libxtables12:amd64	1.8.10-3ubuntu2
libxtst6:amd64	2:1.2.3-1.1build1
libxv1:amd64	2:1.0.11-1.1build1
libxvidcore4:amd64	2:1.3.7-1build1
libxxf86dga1:amd64	2:1.1.5-1build1
libxxf86vm1:amd64	1:1.1.4-1build4
libxxhash0:amd64	0.8.2-2build1
libyajl2:amd64	2.1.0-5build1
libyaml-0-2:amd64	0.2.5-1build1
libz3-4:amd64	4.8.12-3.1build1
libz3-dev:amd64	4.8.12-3.1build1
libzimg2:amd64	3.0.5+ds1-1build1
libzix-0-0:amd64	0.4.2-2build1
libzmq5:amd64	4.3.5-1build2
libzstd1:amd64	1.5.5+dfsg2-2build1.1
libzvbi-common	0.2.42-2
libzvbi0t64:amd64	0.2.42-2
linux-libc-dev:amd64	6.8.0-139.139
linux-libc-dev-riscv64-cross	6.8.0-25.25cross1
linux-tools-6.8.0-139	6.8.0-139.139
linux-tools-6.8.0-139-generic	6.8.0-139.139
linux-tools-common	6.8.0-139.139
linux-tools-generic	6.8.0-139.139
llvm-18	1:18.1.3-1ubuntu1
llvm-18-dev	1:18.1.3-1ubuntu1
llvm-18-linker-tools	1:18.1.3-1ubuntu1
llvm-18-runtime	1:18.1.3-1ubuntu1
llvm-18-tools	1:18.1.3-1ubuntu1
locales	2.39-0ubuntu8.9
login	1:4.13+dfsg1-4ubuntu3.2
logrotate	3.21.0-2build1
logsave	1.47.0-2.4~exp1ubuntu4.1
lsb-release	12.0-2
lshw	02.19.git.2021.06.19.996aaad9c7-2build3
lsof	4.95.0-1build3
lto-disabled-list	47
make	4.3-4.1build2
man-db	2.12.0-4build2
manpages	6.7-2
manpages-dev	6.7-2
mawk	1.3.4.20240123-1build1
media-types	10.1.0
mesa-libgallium:amd64	25.2.8-0ubuntu0.24.04.2
mesa-va-drivers:amd64	25.2.8-0ubuntu0.24.04.2
mesa-vdpau-drivers:amd64	25.2.8-0ubuntu0.24.04.2
mesa-vulkan-drivers:amd64	25.2.8-0ubuntu0.24.04.2
modemmanager	1.23.4-0ubuntu2
mongodb-database-tools	100.15.0
mongodb-mongosh	2.8.2
mongodb-org	8.0.20
mongodb-org-database	8.0.20
mongodb-org-database-tools-extra	8.0.20
mongodb-org-mongos	8.0.20
mongodb-org-server	8.0.20
mongodb-org-shell	8.0.20
mongodb-org-tools	8.0.20
motd-news-config	13ubuntu10.2
mount	2.39.3-9ubuntu6.6
nano	7.2-2ubuntu0.2
ncurses-base	6.4+20240113-1ubuntu2.2
ncurses-bin	6.4+20240113-1ubuntu2.2
netbase	6.4
netcat-openbsd	1.226-1ubuntu2
netplan-generator	1.1.1-1~ubuntu24.04.1
netplan.io	1.1.1-1~ubuntu24.04.1
networkd-dispatcher	2.2.4-1
nftables	1.0.9-1build1
node-acorn	8.8.1+ds+~cs25.17.7-2
node-busboy	1.6.0+~cs2.6.0-2
node-cjs-module-lexer	1.2.3+dfsg-1
node-undici	5.26.3+dfsg1+~cs23.10.12-2
node-xtend	4.0.2-3
nodejs	18.19.1+dfsg-6ubuntu5
nodejs-doc	18.19.1+dfsg-6ubuntu5
numactl	2.0.18-1ubuntu0.24.04.1
ocl-icd-libopencl1:amd64	2.3.2-1build1
openconnect	9.12-1build5
openjdk-21-jdk-headless:amd64	21.0.12+8-1~24.04
openjdk-21-jre-headless:amd64	21.0.12+8-1~24.04
openssh-client	1:9.6p1-3ubuntu13.19
openssl	3.0.13-0ubuntu3.15
packagekit	1.2.8-2ubuntu1.5
packagekit-tools	1.2.8-2ubuntu1.5
passwd	1:4.13+dfsg1-4ubuntu3.2
pastebinit	1.6.2-1
patch	2.7.6-7build3
pci.ids	0.0~2024.03.31-1
perl	5.38.2-3.2ubuntu0.4
perl-base	5.38.2-3.2ubuntu0.4
perl-modules-5.38	5.38.2-3.2ubuntu0.4
perl-openssl-defaults:amd64	7build3
pigz	2.8-1
pinentry-curses	1.2.1-3ubuntu5
pipx	1.4.3-1
pkg-config:amd64	1.8.1-2build1
pkgconf:amd64	1.8.1-2build1
pkgconf-bin	1.8.1-2build1
pocketsphinx-en-us	0.8.0+real5prealpha+1-15ubuntu5
polkitd	124-2ubuntu1.24.04.3
poppler-data	0.4.12-1
poppler-utils	24.02.0-1ubuntu9.9
procps	2:4.0.4-4ubuntu3.2
psmisc	23.7-1build1
publicsuffix	20231001.0357-0.1
python-apt-common	2.7.7ubuntu5.1
python-babel-localedata	2.10.3-3build1
python-matplotlib-data	3.6.3-1ubuntu5
python3	3.12.3-0ubuntu2.1
python3-appdirs	1.4.4-4
python3-apport	2.28.1-0ubuntu3.8
python3-apt	2.7.7ubuntu5.1
python3-argcomplete	3.1.4-1ubuntu0.1
python3-asn1crypto	1.5.1-3
python3-attr	23.2.0-2
python3-automat	22.10.0-2
python3-babel	2.10.3-3build1
python3-bcrypt	3.2.2-1build1
python3-blinker	1.7.0-1
python3-brotli	1.1.0-2build2
python3-bs4	4.12.3-1
python3-certifi	2023.11.17-1
python3-cffi-backend:amd64	1.16.0-2build1
python3-chardet	5.2.0+dfsg-1
python3-click	8.1.6-2
python3-colorama	0.4.6-4
python3-commandnotfound	23.04.0
python3-configobj	5.0.8-3
python3-constantly	23.10.4-1
python3-contourpy	1.0.7-2build1
python3-cryptography	41.0.7-4ubuntu0.4
python3-cssselect	1.2.0-2
python3-cycler	0.11.0-2
python3-dateutil	2.8.2-3ubuntu1
python3-dbus	1.3.2-5build3
python3-debconf	1.5.86ubuntu1
python3-decorator	5.1.1-5
python3-dev	3.12.3-0ubuntu2.1
python3-distro	1.9.0-1
python3-distro-info	1.7build1
python3-distupgrade	1:24.04.26
python3-fonttools	4.46.0-1build2
python3-fs	2.4.16-3
python3-gdbm:amd64	3.12.3-0ubuntu1
python3-gi	3.48.2-1
python3-hamcrest	2.1.0-1
python3-html5lib	1.1-6
python3-httplib2	0.20.4-3ubuntu0.1
python3-hyperlink	21.0.0-5
python3-idna	3.6-2ubuntu0.2
python3-incremental	22.10.0-1
python3-jinja2	3.1.2-1ubuntu1.3
python3-json-pointer	2.0-0ubuntu1
python3-jsonpatch	1.32-3
python3-jsonschema	4.10.3-2ubuntu1
python3-jwt	2.7.0-1ubuntu0.1
python3-kiwisolver	1.4.4-2build1
python3-launchpadlib	1.11.0-6
python3-lazr.restfulclient	0.14.6-1
python3-lazr.uri	1.0.6-3
python3-lxml:amd64	5.2.1-1
python3-lz4	4.0.2+dfsg-1build4
python3-markdown-it	3.0.0-2
python3-markupsafe	2.1.5-1build2
python3-matplotlib	3.6.3-1ubuntu5
python3-mdurl	0.1.2-1
python3-mechanize	1:0.4.9+ds-2
python3-minimal	3.12.3-0ubuntu2.1
python3-mpmath	1.2.1-3
python3-netifaces:amd64	0.11.0-2build3
python3-netplan	1.1.1-1~ubuntu24.04.1
python3-newt:amd64	0.52.24-2ubuntu2
python3-numpy	1:1.26.4+ds-6ubuntu1
python3-oauthlib	3.2.2-1
python3-olefile	0.46-3
python3-openssl	23.2.0-1ubuntu0.1
python3-packaging	24.0-1
python3-pil:amd64	10.2.0-1ubuntu1.3
python3-pil.imagetk:amd64	10.2.0-1ubuntu1.3
python3-pip	24.0+dfsg-1ubuntu1.3
python3-pip-whl	24.0+dfsg-1ubuntu1.3
python3-pkg-resources	68.1.2-2ubuntu1.2
python3-platformdirs	4.2.0-1
python3-problem-report	2.28.1-0ubuntu3.8
python3-psutil	5.9.8-2build2
python3-pyasn1	0.4.8-4ubuntu0.3
python3-pyasn1-modules	0.2.8-1
python3-pycurl	7.45.3-1build2
python3-pygments	2.17.2+dfsg-1
python3-pyparsing	3.1.1-1
python3-pyrsistent:amd64	0.20.0-1build2
python3-requests	2.31.0+dfsg-1ubuntu1.1
python3-rich	13.7.1-1
python3-scipy	1.11.4-6build1
python3-serial	3.5-2
python3-service-identity	24.1.0-1
python3-setuptools	68.1.2-2ubuntu1.2
python3-setuptools-whl	68.1.2-2ubuntu1.2
python3-six	1.16.0-4
python3-software-properties	0.99.49.1
python3-soupsieve	2.5-1
python3-sympy	1.12-7
python3-systemd	235-1build4
python3-tk:amd64	3.12.3-0ubuntu1
python3-twisted	24.3.0-1ubuntu0.2
python3-typing-extensions	4.10.0-1
python3-tz	2024.1-2
python3-ufolib2	0.16.0+dfsg1-1
python3-unicodedata2	15.1.0+ds-1build1
python3-uno	4:24.2.7-0ubuntu0.24.04.6
python3-update-manager	1:24.04.9
python3-urllib3	2.0.7-1ubuntu0.7
python3-userpath	1.9.1-1
python3-venv	3.12.3-0ubuntu2.1
python3-wadllib	1.3.6-5
python3-webencodings	0.5.1-5
python3-wheel	0.42.0-2
python3-yaml	6.0.1-2build2
python3-zope.interface	6.1-1build1
python3.12	3.12.3-1ubuntu0.17
python3.12-dev	3.12.3-1ubuntu0.17
python3.12-minimal	3.12.3-1ubuntu0.17
python3.12-venv	3.12.3-1ubuntu0.17
qemu-block-extra	1:8.2.2+ds-0ubuntu1.16
qemu-system-common	1:8.2.2+ds-0ubuntu1.16
qemu-system-data	1:8.2.2+ds-0ubuntu1.16
qemu-system-gui	1:8.2.2+ds-0ubuntu1.16
qemu-system-misc	1:8.2.2+ds-0ubuntu1.16
qemu-system-modules-opengl	1:8.2.2+ds-0ubuntu1.16
qemu-system-modules-spice	1:8.2.2+ds-0ubuntu1.16
qemu-utils	1:8.2.2+ds-0ubuntu1.16
qt5-gtk-platformtheme:amd64	5.15.13+dfsg-1ubuntu1
qttranslations5-l10n	5.15.13-1
qtwayland5:amd64	5.15.13-1
readline-common	8.2-4build1
rpcsvc-proto	1.4.2-0ubuntu7
rsync	3.2.7-1ubuntu1.5
rsyslog	8.2312.0-3ubuntu9.3
run-one	1.17-0ubuntu2
runc	1.3.3-0ubuntu1~24.04.3
seabios	1.16.3-2
sed	4.9-2ubuntu0.24.04.1
sensible-utils	0.0.22
session-migration	0.3.9build1
sgml-base	1.31
shared-mime-info	2.4-4
shellcheck	0.9.0-1
show-motd	3.12
skopeo	1.13.3+ds1-2ubuntu0.24.04.3
snapd	2.76+ubuntu24.04.1
software-properties-common	0.99.49.1
squashfs-tools	1:4.6.1-1build1
sshpass	1.09-1
sudo	1.9.15p5-3ubuntu5.24.04.2
sysstat	12.6.1-2
systemd	255.4-1ubuntu8.17
systemd-dev	255.4-1ubuntu8.17
systemd-hwe-hwdb	255.1.4
systemd-resolved	255.4-1ubuntu8.17
systemd-sysv	255.4-1ubuntu8.17
systemd-timesyncd	255.4-1ubuntu8.17
sysvinit-utils	3.08-6ubuntu3
tar	1.35+dfsg-3ubuntu0.4
tcl	8.6.14build1
tcl8.6	8.6.14+dfsg-1build1
time	1.9-0.2build1
tk8.6-blt2.5	2.5.3+dfsg-7build1
tmux	3.4-1ubuntu0.1
tpm-udev	0.6ubuntu1
tzdata	2026c-0ubuntu0.24.04.1
ubuntu-fan	0.12.16+24.04.1
ubuntu-keyring	2023.11.28.1
ubuntu-minimal	1.539.2
ubuntu-mono	24.04-0ubuntu1
ubuntu-pro-client	37.2ubuntu~24.04.1
ubuntu-pro-client-l10n	37.2ubuntu~24.04.1
ubuntu-release-upgrader-core	1:24.04.26
ubuntu-wsl	1.539.2
ucf	3.0043+nmu1
udev	255.4-1ubuntu8.17
unattended-upgrades	2.9.1+nmu4ubuntu1
unicode-data	15.1.0-1
uno-libs-private	4:24.2.7-0ubuntu0.24.04.6
unzip	6.0-28ubuntu4.1
update-manager-core	1:24.04.9
update-motd	3.12
ure	4:24.2.7-0ubuntu0.24.04.6
usb-modeswitch	2.6.1-3ubuntu3
usb-modeswitch-data	20191128-6
usb.ids	2024.03.18-1
util-linux	2.39.3-9ubuntu6.6
uuid-dev:amd64	2.39.3-9ubuntu6.6
uuid-runtime	2.39.3-9ubuntu6.6
va-driver-all:amd64	2.20.0-2ubuntu0.2
valgrind	1:3.22.0-0ubuntu3
vdpau-driver-all:amd64	1.5-2build1
vim	2:9.1.0016-1ubuntu7.20
vim-common	2:9.1.0016-1ubuntu7.20
vim-runtime	2:9.1.0016-1ubuntu7.20
vim-tiny	2:9.1.0016-1ubuntu7.20
vpnc-scripts	0.1~git20220510-1
wget	1.21.4-1ubuntu4.5
whiptail	0.52.24-2ubuntu2
wkhtmltopdf	0.12.6-2build2
wpasupplicant	2:2.10-21ubuntu0.4
wsl-pro-service	0.1.4
wsl-setup	0.5.8~24.04
x11-common	1:7.7+23ubuntu3
x11-utils	7.7+6build2
x11-xkb-utils	7.7+8build2
x11-xserver-utils	7.7+10build2
x11proto-core-dev	2023.2-1
x11proto-dev	2023.2-1
xauth	1:1.1.2-1build1
xdg-user-dirs	0.18-1build1
xdg-utils	1.1.3-4.1ubuntu3
xfonts-cyrillic	1:1.0.5+nmu1
xfonts-encodings	1:1.0.5-0ubuntu2
xfonts-scalable	1:1.0.3-1.3
xfonts-utils	1:7.7+6build3
xkb-data	2.41-2ubuntu1.1
xml-core	0.19
xorg-sgml-doctools	1:1.11-1.1
xserver-common	2:21.1.12-1ubuntu1.5
xtrans-dev	1.4.0-1
xvfb	2:21.1.12-1ubuntu1.5
xxd	2:9.1.0016-1ubuntu7.20
xz-utils	5.6.1+really5.4.5-1ubuntu0.3
zip	3.0-13ubuntu0.2
zlib1g:amd64	1:1.3.dfsg-3.1ubuntu2.2
zlib1g-dev:amd64	1:1.3.dfsg-3.1ubuntu2.2
zutty	0.14.8.20231210+dfsg1-1
