htop	NOT_INSTALLED -> 3.3.0-4build1
hwloc	NOT_INSTALLED -> 2.10.0-1build1
icu-devtools	NOT_INSTALLED -> 74.2-1ubuntu3.1
lib32gcc-s1	NOT_INSTALLED -> 14.2.0-4ubuntu2~24.04.1
lib32stdc++6	NOT_INSTALLED -> 14.2.0-4ubuntu2~24.04.1
libc6-i386	NOT_INSTALLED -> 2.39-0ubuntu8.9
libclang-rt-18-dev:amd64	NOT_INSTALLED -> 1:18.1.3-1ubuntu1
libhwloc-plugins:amd64	NOT_INSTALLED -> 2.10.0-1build1
libhwloc15:amd64	NOT_INSTALLED -> 2.10.0-1build1
libicu-dev:amd64	NOT_INSTALLED -> 74.2-1ubuntu3.1
libncurses-dev:amd64	NOT_INSTALLED -> 6.4+20240113-1ubuntu2.2
libpfm4:amd64	NOT_INSTALLED -> 4.13.0+git32-g0d4ed0e-1ubuntu0.1
libxml2-dev:amd64	NOT_INSTALLED -> 2.9.14+dfsg-1.3ubuntu3.8
libxnvctrl0:amd64	NOT_INSTALLED -> 510.47.03-0ubuntu4.24.04.1
libz3-4:amd64	NOT_INSTALLED -> 4.8.12-3.1build1
libz3-dev:amd64	NOT_INSTALLED -> 4.8.12-3.1build1
llvm-18	NOT_INSTALLED -> 1:18.1.3-1ubuntu1
llvm-18-dev	NOT_INSTALLED -> 1:18.1.3-1ubuntu1
llvm-18-runtime	NOT_INSTALLED -> 1:18.1.3-1ubuntu1
llvm-18-tools	NOT_INSTALLED -> 1:18.1.3-1ubuntu1
