stage,algorithm,seed,s,opt,reference_s,gap_ref_pct,observed_reference_within_5pct,online_score_s,separate_confirmation_s,search_process_runs,confirmation_process_runs,search_driver_monotonic_s,confirmation_driver_monotonic_s,total_driver_monotonic_s,journal
selection,grid,104729,16,O1,44.326172,12.218992212245826,False,45.099396,44.19418,8,3,917.9619044230021,135.2385080239983,1053.2004124470004,results/selection_v1/selection-grid-seed104729.jsonl
selection,random,104729,16,O1,44.326172,12.218992212245826,False,43.431442,48.896767,8,3,933.893057471003,148.90086287599843,1082.7939203470014,results/selection_v1/selection-random-seed104729.jsonl
selection,greedy,104729,16,O3,44.371098,12.332729767659533,False,44.572552,43.45359,7,3,394.5358746419988,131.98600318099852,526.5218778229973,results/selection_v1/selection-greedy-seed104729.jsonl
selection,stratified,104729,128,O2,39.499706,0.0,True,39.282055,39.03072,8,3,805.5213436949998,118.63466729100037,924.1560109860002,results/selection_v1/selection-stratified-seed104729.jsonl
selection,patience,104729,16,O3,44.371098,12.332729767659533,False,42.730598,46.152561,5,3,421.01805060699917,138.34134605500003,559.3593966619992,results/selection_v1/selection-patience-seed104729.jsonl
selection,greedy,130363,128,O1,41.177814,4.248406304593755,True,37.570213,39.124683,7,3,409.3794927220006,120.25512256100046,529.634615283001,results/selection_v1/selection-greedy-seed130363.jsonl
selection,stratified,130363,128,O2,39.499706,0.0,True,35.368584,36.206318,8,3,764.5773541560011,110.71783430299911,875.2951884590002,results/selection_v1/selection-stratified-seed130363.jsonl
selection,patience,130363,64,O3,41.112492,4.083032921814667,True,38.860531,39.563389,7,3,544.0835194630017,120.54695469199942,664.6304741550011,results/selection_v1/selection-patience-seed130363.jsonl
selection,grid,130363,16,O3,44.371098,12.332729767659533,False,44.95208,44.844345,8,3,902.535877495,138.232207154997,1040.768084649997,results/selection_v1/selection-grid-seed130363.jsonl
selection,random,130363,128,O2,39.499706,0.0,True,34.116451,33.191216,8,3,596.0096751889978,101.44918039700133,697.4588555859991,results/selection_v1/selection-random-seed130363.jsonl
selection,patience,155921,128,O3,42.501537,7.599628716223861,False,32.697639,33.396526,5,3,669.1546631860001,101.55835238500003,770.7130155710001,results/selection_v1/selection-patience-seed155921.jsonl
selection,grid,155921,16,O3,44.371098,12.332729767659533,False,42.053825,42.672432,8,3,876.7863584579973,129.2867463319999,1006.0731047899972,results/selection_v1/selection-grid-seed155921.jsonl
selection,random,155921,128,O3,42.501537,7.599628716223861,False,32.570972,32.911858,8,3,957.1933075710003,100.44959788800043,1057.6429054590008,results/selection_v1/selection-random-seed155921.jsonl
selection,greedy,155921,128,O3,42.501537,7.599628716223861,False,32.670555,33.041843,5,3,188.7109313660003,100.30163951500072,289.012570881001,results/selection_v1/selection-greedy-seed155921.jsonl
selection,stratified,155921,128,O2,39.499706,0.0,True,32.955601,32.248898,8,3,792.6352789720004,98.19212667800093,890.8274056500013,results/selection_v1/selection-stratified-seed155921.jsonl
holdout,random,196613,16,O3,44.371098,12.332729767659533,False,45.317799,44.424389,8,3,864.7563750469999,134.0372946610005,998.7936697080004,results/holdout_v1/holdout-random-seed196613.jsonl
holdout,random,229939,64,O3,41.112492,4.083032921814667,True,41.704674,42.496933,8,3,489.1929622000025,128.85842866299936,618.0513908630019,results/holdout_v1/holdout-random-seed229939.jsonl
holdout,random,262147,16,O3,44.371098,12.332729767659533,False,42.843807,44.296986,8,3,859.8491434559983,134.02817831299762,993.8773217689959,results/holdout_v1/holdout-random-seed262147.jsonl
