role,tasks,n4096_calls,failures,resource_s
aa,23,23,1,1610.23187487
aa_raw_timer,1,1,1,41.760444408
aa_replacement,2,2,0,103.73071213099999
analysis,3,0,0,0.7774816920000001
analysis_regression,14,0,2,5.236394004
analysis_reproduction,1,0,0,0.27409479
anchor,3,3,0,143.720303007
clock_block_check,6,0,0,68.641425168
clock_bridge_validation,3,0,0,12.932541034
clock_followup_aa,8,8,0,483.157285839
clock_host_probe,1,0,0,61.29844101
clock_matrix_diagnostic,4,4,0,247.92162629
clock_probe,9,0,0,142.568884423
correctness,18,0,1,50.188920665
correctness_reproduction,1,1,1,11.231500658
correctness_sanitizer,1,0,0,0.506945202
correctness_small,1,0,0,3.286546387
correctness_test,7,0,1,45.612367033
diagnostic_anchor,4,4,0,222.168510356
diagnostic_build,3,0,0,1.020492
diagnostic_preflight,2,0,2,0.376610473
environment,2,0,0,0.5366156
goal2r_clock_aa,8,8,0,485.620013094
goal2r_clock_diagnostic,2,2,0,463.046884136
goal2r_numeric,3,2,1,285.672127478
goal2r_numerical_small,2,0,0,4.7446809949999995
goal2r_prebuild,4,0,0,1.6700735729999998
goal2r_software_regression,4,0,0,43.483918222
historical_analysis,7,0,0,2.853854154
image_review,1,0,0,0.264198191
independent_analysis_regression,2,0,0,0.528435108
independent_correctness,3,0,1,6.135233638
independent_reproduction,5,0,1,39.926873142
independent_syntax,2,0,0,0.526903822
numeric_smoke,2,0,0,0.527333388
numeric_validation,2,2,0,271.091947967
numeric_validation_raw,2,2,0,273.946509646
preflight,1,0,0,0.261049111
reference,60,60,0,7488.687952861
regression,6,0,1,105.447672541
screenshot_capture,5,0,0,5.992149593
screenshot_validation,1,0,0,2.757842945
short_test,21,0,2,17.847737384
warmup,2,2,1,76.498555254
