wall,wall_epoch,process_elapsed_seconds,workload,wall_minus_process_elapsed_since_first
2026-10-01T00:34:59.612679+08:00,1790786099.612679,20,startup.crypto.signverify,0.0
2026-10-01T00:35:49.846202+08:00,1790786149.846202,68,compiler.compiler,2.233522891998291
2026-10-01T00:36:46.625205+08:00,1790786206.625205,120,compiler.compiler,7.012526035308838
2026-10-01T00:38:09.323386+08:00,1790786289.323386,199,compiler.compiler,10.710706949234009
2026-10-01T00:39:11.188018+08:00,1790786351.188018,256,compiler.compiler,15.575339078903198
2026-10-01T00:40:09.021574+08:00,1790786409.021574,311,compiler.compiler,18.408895015716553
2026-10-01T00:41:12.179447+08:00,1790786472.179447,369,compiler.compiler,23.566767930984497
2026-10-01T00:42:19.773984+08:00,1790786539.773984,433,compiler.sunflow,27.16130495071411
2026-10-01T00:42:42.432901+08:00,1790786562.432901,455,compiler.sunflow,27.82022190093994
2026-10-01T00:43:43.224564+08:00,1790786623.224564,512,compiler.sunflow,31.61188507080078
2026-10-01T00:44:56.679989+08:00,1790786696.679989,583,compiler.sunflow,34.067310094833374
2026-10-01T00:46:08.131316+08:00,1790786768.131316,651,compiler.sunflow,37.51863694190979
2026-10-01T00:47:18.146135+08:00,1790786838.146135,717,compiler.sunflow,41.53345608711243
2026-10-01T00:48:18.258016+08:00,1790786898.258016,772,compress,46.64533710479736
2026-10-01T00:49:27.504378+08:00,1790786967.504378,838,compress,49.89169907569885
2026-10-01T00:50:28.347468+08:00,1790787028.347468,894,compress,54.73478889465332
2026-10-01T00:51:40.022204+08:00,1790787100.022204,961,compress,59.40952491760254
2026-10-01T00:52:52.329827+08:00,1790787172.329827,1030,compress,62.71714806556702
2026-10-01T00:54:03.514873+08:00,1790787243.514873,1099,compress,64.90219402313232
2026-10-01T00:55:18.881068+08:00,1790787318.881068,1170,crypto.aes,69.26838898658752
2026-10-01T00:56:35.400741+08:00,1790787395.400741,1241,crypto.aes,74.78806209564209
2026-10-01T00:57:37.610060+08:00,1790787457.61006,1299,crypto.aes,78.99738097190857
2026-10-01T00:58:40.687085+08:00,1790787520.687085,1360,crypto.aes,81.0744059085846
2026-10-01T00:59:48.717495+08:00,1790787588.717495,1424,crypto.aes,85.10481595993042
2026-10-01T01:01:02.480547+08:00,1790787662.480547,1496,crypto.aes,86.86786794662476
2026-10-01T01:02:01.503808+08:00,1790787721.503808,1555,crypto.rsa,86.89112901687622
2026-10-01T01:03:39.097409+08:00,1790787819.097409,1647,crypto.rsa,92.48473000526428
2026-10-01T01:04:44.135006+08:00,1790787884.135006,1710,crypto.rsa,94.52232694625854
2026-10-01T01:05:41.194778+08:00,1790787941.194778,1763,crypto.rsa,98.58209896087646
2026-10-01T01:06:36.459192+08:00,1790787996.459192,1816,crypto.rsa,100.84651303291321
2026-10-01T01:07:35.544078+08:00,1790788055.544078,1871,crypto.rsa,104.93139910697937
2026-10-01T01:08:32.765224+08:00,1790788112.765224,1927,crypto.signverify,106.15254497528076
2026-10-01T01:09:32.515023+08:00,1790788172.515023,1983,crypto.signverify,109.90234398841858
2026-10-01T01:10:30.909226+08:00,1790788230.909226,2039,crypto.signverify,112.29654693603516
2026-10-01T01:11:32.347374+08:00,1790788292.347374,2096,crypto.signverify,116.73469495773315
2026-10-01T01:12:40.078038+08:00,1790788360.078038,2160,crypto.signverify,120.46535897254944
2026-10-01T01:13:36.674791+08:00,1790788416.674791,2215,crypto.signverify,122.0621120929718
2026-10-01T01:14:32.985526+08:00,1790788472.985526,2268,derby,125.37284708023071
2026-10-01T01:15:32.627525+08:00,1790788532.627525,2324,derby,129.01484608650208
2026-10-01T01:16:50.090624+08:00,1790788610.090624,2397,derby,133.4779450893402
2026-10-01T01:17:47.420521+08:00,1790788667.420521,2452,derby,135.8078420162201
2026-10-01T01:19:00.614812+08:00,1790788740.614812,2522,derby,139.00213289260864
2026-10-01T01:19:58.082248+08:00,1790788798.082248,2576,derby,142.4695689678192
2026-10-01T01:20:54.131855+08:00,1790788854.131855,2628,derby,146.51917600631714
2026-10-01T01:21:49.840558+08:00,1790788909.840558,2682,mpegaudio,148.2278790473938
2026-10-01T01:22:47.124365+08:00,1790788967.124365,2735,mpegaudio,152.51168608665466
2026-10-01T01:23:58.238553+08:00,1790789038.238553,2803,mpegaudio,155.625874042511
2026-10-01T01:24:57.038974+08:00,1790789097.038974,2858,mpegaudio,159.42629504203796
2026-10-01T01:25:52.437177+08:00,1790789152.437177,2911,mpegaudio,161.82449793815613
2026-10-01T01:26:51.026783+08:00,1790789211.026783,2965,mpegaudio,166.41410398483276
2026-10-01T01:27:51.364770+08:00,1790789271.36477,3021,scimark.fft.large,170.75209093093872
2026-10-01T01:28:48.632194+08:00,1790789328.632194,3076,scimark.fft.large,173.01951503753662
2026-10-01T01:30:00.024823+08:00,1790789400.024823,3144,scimark.fft.large,176.41214394569397
2026-10-01T01:30:58.584923+08:00,1790789458.584923,3199,scimark.fft.large,179.97224402427673
2026-10-01T01:31:55.992868+08:00,1790789515.992868,3253,scimark.fft.large,183.38018894195557
2026-10-01T01:33:05.497710+08:00,1790789585.49771,3319,scimark.fft.large,186.88503098487854
2026-10-01T01:34:05.388668+08:00,1790789645.388668,3375,scimark.fft.large,190.77598905563354
2026-10-01T01:35:02.434285+08:00,1790789702.434285,3430,scimark.lu.large,192.82160592079163
2026-10-01T01:35:58.212583+08:00,1790789758.212583,3484,scimark.lu.large,194.59990406036377
2026-10-01T01:37:13.164096+08:00,1790789833.164096,3555,scimark.lu.large,198.55141711235046
2026-10-01T01:38:13.519885+08:00,1790789893.519885,3613,scimark.lu.large,200.9072060585022
2026-10-01T01:39:13.314646+08:00,1790789953.314646,3668,scimark.lu.large,205.7019670009613
2026-10-01T01:40:15.151596+08:00,1790790015.151596,3725,scimark.lu.large,210.53891706466675
2026-10-01T01:41:14.301872+08:00,1790790074.301872,3780,scimark.lu.large,214.6891930103302
2026-10-01T01:42:11.380846+08:00,1790790131.380846,3835,scimark.lu.large,216.76816701889038
2026-10-01T01:43:10.836849+08:00,1790790190.836849,3891,scimark.sor.large,220.22416996955872
2026-10-01T01:44:06.958317+08:00,1790790246.958317,3944,scimark.sor.large,223.3456380367279
2026-10-01T01:47:42.770152+08:00,1790790462.770152,4148,scimark.sor.large,235.1574730873108
2026-10-01T01:48:23.671091+08:00,1790790503.671091,4184,scimark.sor.large,240.05841207504272
2026-10-01T01:49:17.274725+08:00,1790790557.274725,4236,scimark.sparse.large,241.66204595565796
2026-10-01T01:50:30.958008+08:00,1790790630.958008,4305,scimark.sparse.large,246.3453290462494
2026-10-01T01:51:44.100577+08:00,1790790704.100577,4374,scimark.sparse.large,250.48789811134338
2026-10-01T01:52:59.829931+08:00,1790790779.829931,4444,scimark.sparse.large,256.2172520160675
2026-10-01T01:54:11.448753+08:00,1790790851.448753,4512,scimark.sparse.large,259.8360741138458
2026-10-01T01:55:24.133376+08:00,1790790924.133376,4583,scimark.sparse.large,261.5206968784332
2026-10-01T01:56:41.919512+08:00,1790791001.919512,4656,scimark.fft.small,266.30683302879333
2026-10-01T01:57:48.696173+08:00,1790791068.696173,4719,scimark.fft.small,270.0834939479828
2026-10-01T01:59:08.362453+08:00,1790791148.362453,4793,scimark.fft.small,275.749773979187
2026-10-01T02:00:05.748844+08:00,1790791205.748844,4848,scimark.fft.small,278.13616490364075
2026-10-01T02:01:20.209517+08:00,1790791280.209517,4919,scimark.fft.small,281.5968379974365
2026-10-01T02:02:41.929922+08:00,1790791361.929922,4995,scimark.fft.small,287.31724309921265
2026-10-01T02:03:53.346944+08:00,1790791433.346944,5062,scimark.lu.small,291.73426508903503
2026-10-01T02:05:21.916812+08:00,1790791521.916812,5146,scimark.lu.small,296.304132938385
2026-10-01T02:06:22.734238+08:00,1790791582.734238,5202,scimark.lu.small,301.1215589046478
2026-10-01T02:07:25.431727+08:00,1790791645.431727,5260,scimark.lu.small,305.81904792785645
2026-10-01T02:08:29.862819+08:00,1790791709.862819,5320,scimark.lu.small,310.25013995170593
2026-10-01T02:09:29.579874+08:00,1790791769.579874,5377,scimark.sor.small,312.9671950340271
2026-10-01T02:10:40.640415+08:00,1790791840.640415,5444,scimark.sor.small,317.0277359485626
2026-10-01T02:11:51.751073+08:00,1790791911.751073,5512,scimark.sor.small,320.13839387893677
2026-10-01T02:12:53.496279+08:00,1790791973.496279,5570,scimark.sor.small,323.8835999965668
2026-10-01T02:13:54.102903+08:00,1790792034.102903,5626,scimark.sor.small,328.4902238845825
2026-10-01T02:14:57.902173+08:00,1790792097.902173,5686,scimark.sor.small,332.2894940376282
2026-10-01T02:16:11.068070+08:00,1790792171.06807,5756,scimark.sparse.small,335.4553909301758
2026-10-01T02:17:20.825473+08:00,1790792240.825473,5821,scimark.sparse.small,340.21279406547546
2026-10-01T02:18:26.429399+08:00,1790792306.429399,5882,scimark.sparse.small,344.8167200088501
2026-10-01T02:19:23.466558+08:00,1790792363.466558,5939,scimark.sparse.small,344.85387897491455
2026-10-01T02:20:27.684213+08:00,1790792427.684213,5999,scimark.sparse.small,349.07153391838074
2026-10-01T02:21:39.059432+08:00,1790792499.059432,6067,scimark.sparse.small,352.44675302505493
2026-10-01T02:22:43.214600+08:00,1790792563.2146,6126,scimark.monte_carlo,357.60192108154297
2026-10-01T02:23:58.894380+08:00,1790792638.89438,6198,scimark.monte_carlo,361.28170108795166
2026-10-01T02:25:03.061026+08:00,1790792703.061026,6257,scimark.monte_carlo,366.4483470916748
2026-10-01T02:26:16.867208+08:00,1790792776.867208,6327,scimark.monte_carlo,370.2545289993286
2026-10-01T02:27:33.196268+08:00,1790792853.196268,6398,scimark.monte_carlo,375.58358907699585
2026-10-01T02:28:44.081838+08:00,1790792924.081838,6465,serial,379.46915888786316
2026-10-01T02:29:54.013333+08:00,1790792994.013333,6534,serial,380.4006540775299
2026-10-01T02:31:13.119954+08:00,1790793073.119954,6607,serial,386.5072751045227
2026-10-01T02:32:24.573415+08:00,1790793144.573415,6677,serial,387.96073603630066
2026-10-01T02:33:27.584170+08:00,1790793207.58417,6736,serial,391.97149109840393
2026-10-01T02:34:26.442932+08:00,1790793266.442932,6792,serial,394.8302528858185
2026-10-01T02:35:39.623663+08:00,1790793339.623663,6861,sunflow,399.0109839439392
2026-10-01T02:36:52.788632+08:00,1790793412.788632,6928,sunflow,405.17595291137695
2026-10-01T02:37:53.168851+08:00,1790793473.168851,6986,sunflow,407.5561718940735
2026-10-01T02:38:55.702613+08:00,1790793535.702613,7044,sunflow,412.0899341106415
2026-10-01T02:40:06.601620+08:00,1790793606.60162,7111,sunflow,415.9889409542084
2026-10-01T02:41:13.145394+08:00,1790793673.145394,7173,sunflow,420.5327150821686
2026-10-01T02:42:16.662063+08:00,1790793736.662063,7231,xml.transform,426.0493838787079
2026-10-01T02:43:32.126213+08:00,1790793812.126213,7302,xml.transform,430.5135340690613
2026-10-01T02:44:35.935195+08:00,1790793875.935195,7363,xml.transform,433.32251596450806
2026-10-01T02:45:47.270125+08:00,1790793947.270125,7429,xml.transform,438.6574459075928
2026-10-01T02:46:55.011056+08:00,1790794015.011056,7495,xml.transform,440.3983769416809
2026-10-01T02:47:57.114954+08:00,1790794077.114954,7553,xml.transform,444.5022749900818
2026-10-01T02:49:10.145147+08:00,1790794150.145147,7623,xml.validation,447.53246808052063
2026-10-01T02:50:07.863693+08:00,1790794207.863693,7677,xml.validation,451.2510139942169
2026-10-01T02:51:09.880654+08:00,1790794269.880654,7735,xml.validation,455.2679750919342
2026-10-01T02:52:23.965921+08:00,1790794343.965921,7805,xml.validation,459.3532419204712
2026-10-01T02:53:33.718984+08:00,1790794413.718984,7870,xml.validation,464.1063048839569
2026-10-01T02:54:36.870952+08:00,1790794476.870952,7928,xml.validation,469.25827288627625
