directory,block_id,phase,valid,raw_qpc_bounds,raw_bracket_width_fraction,endpoint_s,raw_path,sha256
goal2r_reference,round-1,before,True,"[0.9999520564096468, 1.000036316718215]",8.422070874105127e-05,"[0.00019901, 0.000651703]",results/goal2r_reference/qpc-round-1-before.stdout.txt,76f8e15034a54b0d67bf5843276cd77c281c5fb462adb56134143688a849d709
goal2r_reference,round-1,after,True,"[0.9999636708271817, 1.000027659705734]",6.395113902119035e-05,"[0.000289253, 0.00038856]",results/goal2r_reference/qpc-round-1-after.stdout.txt,c617b08c635d01acac6069508c881c7788e23d7b0a986b3981f2be9a69aa36eb
goal2r_reference,round-2,before,True,"[0.9999641646932407, 1.0000314693722114]",6.726468697319152e-05,"[0.000272175, 0.000400605]",results/goal2r_reference/qpc-round-2-before.stdout.txt,5eccc4249ad10531ae5dda12b4f4061e8fe9652328fdc29d737a7f656fd214fc
goal2r_reference,round-2,after,True,"[0.9999565009706886, 1.0000349711380956]",7.843277477860077e-05,"[0.00033556, 0.000503455]",results/goal2r_reference/qpc-round-2-after.stdout.txt,ba83947d05694640a9bbfd779edcdfcec1b22e55dfce0f90edf2e6954a68dc4a
goal2r_reference,round-3,before,True,"[0.9999690835818602, 1.0000273121723067]",5.8190124699793016e-05,"[0.000237763, 0.000367347]",results/goal2r_reference/qpc-round-3-before.stdout.txt,d14543e4d58bd7cedf49fec1cdac2416c09315b4df3b4bff1771f32e5b5122c1
goal2r_reference,round-3,after,True,"[0.9999490474555067, 1.0000345791861742]",8.549442127720076e-05,"[0.000313861, 0.000602731]",results/goal2r_reference/qpc-round-3-after.stdout.txt,5d24648e5c137377e02d8a0e82d1f33a77703daacf3c60258d8dabd32eaf1d76
goal2r_comparison,seed-700001,before,True,"[0.9999682879036533, 1.0000256930663312]",5.736676019590071e-05,"[0.000204493, 0.000393037]",results/goal2r_comparison/qpc-seed-700001-before.stdout.txt,2bd870b6f3e789dc895058ca9485accfa1c5b99cefd033f980e96315a4a87f04
goal2r_comparison,seed-700001,after,True,"[0.9999669992479312, 1.0000276386526508]",6.0602301350133995e-05,"[0.000256632, 0.000396701]",results/goal2r_comparison/qpc-seed-700001-after.stdout.txt,944653bb028dec69c88b1c0b55a77383cde10594fc1dce4cd8a5d36ce1b2d04d
goal2r_comparison,seed-804730,before,True,"[0.9999674947414194, 1.0000238314826062]",5.629918928006508e-05,"[0.000213077, 0.000386615]",results/goal2r_comparison/qpc-seed-804730-before.stdout.txt,9a61f3b8ad09d42338f64f21966a1ac28ed927b2f06bd1f5a9429a51b5799a6d
goal2r_comparison,seed-804730,after,True,"[0.9999605436056596, 1.0000287149555047]",6.813136070655088e-05,"[0.000253791, 0.000427704]",results/goal2r_comparison/qpc-seed-804730-after.stdout.txt,4b0944d4430b4b556023e687bf917bc48f15834dbd43ecaa59705e62e6bbea4a
goal2r_comparison,seed-909459,before,True,"[0.9999554963402809, 1.000034842652442]",7.930632514832367e-05,"[0.000309192, 0.000484125]",results/goal2r_comparison/qpc-seed-909459-before.stdout.txt,49e029cbe993af53b6e93cf1d4e1215f4724e7221f85c9ee8dc24cb35bba1e9e
goal2r_comparison,seed-909459,after,True,"[0.9999500891159746, 1.0000599186953094]",0.0001097895914847313,"[0.00037465, 0.000723585]",results/goal2r_comparison/qpc-seed-909459-after.stdout.txt,1fda09ef7592763ca4c9753729e7a0000cde7a686701c6108fb738fd6ebf6281
goal2r_comparison,seed-1014188,before,True,"[0.999949309173294, 1.0000327911974916]",8.344203565648053e-05,"[0.000274833, 0.000559819]",results/goal2r_comparison/qpc-seed-1014188-before.stdout.txt,bf159c9dc0fda5436f034798e4800c626da802a65820e73df9c14eaf8d86cfd9
goal2r_comparison,seed-1014188,after,True,"[0.9999570303489044, 1.0000333136622606]",7.624332559866928e-05,"[0.000242949, 0.000519714]",results/goal2r_comparison/qpc-seed-1014188-after.stdout.txt,4245ce4e226d5f86e77752ed5e0b6ed4c7015b71c7778e501cb8f6be1b7e9825
goal2r_comparison,seed-1118917,before,True,"[0.9999471986853259, 1.0000410611711399]",9.382250156056295e-05,"[0.000247283, 0.000691306]",results/goal2r_comparison/qpc-seed-1118917-before.stdout.txt,de567f8156012e8d87d4484df7c674e9671bc23116573ffea0ca3f0cd4b9d0f8
goal2r_comparison,seed-1118917,after,True,"[0.9999495995750083, 1.0000351915073973]",8.555194552529679e-05,"[0.000327716, 0.000528078]",results/goal2r_comparison/qpc-seed-1118917-after.stdout.txt,744d4c0cfb77f34d40df62c8663aef33457fcafdfe3b9fbc9a4c0ed0881e9942
goal2r_comparison,seed-1223646,before,True,"[0.9999573469711055, 1.0000365603689167]",7.917340868690965e-05,"[0.000201862, 0.000590085]",results/goal2r_comparison/qpc-seed-1223646-before.stdout.txt,215c00997da0923e6c5c3788878fdb3af5f6960025d2df970488560972e016ad
goal2r_comparison,seed-1223646,after,True,"[0.9999501808562145, 1.0000441058518816]",9.388494324696334e-05,"[0.000260979, 0.000676639]",results/goal2r_comparison/qpc-seed-1223646-after.stdout.txt,4742cc71337095e0e44efc8def570178ee2541bcb9110f83d3a90f03149a5bee
goal2r_starts,start-1,before,True,"[0.9999578326851857, 1.0000328078684175]",7.493542281151844e-05,"[0.0002847, 0.000469166]",results/goal2r_starts/qpc-start-1-before.stdout.txt,70811c80e632f0e9c4f224d96388fb748fec1cbb0d4ddc60a6fccc9bee585297
goal2r_starts,start-1,after,True,"[0.9999568577827049, 1.0000283770488811]",7.147926330211405e-05,"[0.000232516, 0.00048222]",results/goal2r_starts/qpc-start-1-after.stdout.txt,e151347c879fd611ad8d082cb025bac746553164c9bba266911079e5db694518
goal2r_starts,start-2,before,True,"[0.9999597833391292, 1.0000376188850104]",7.779555551713516e-05,"[0.00022504, 0.000553102]",results/goal2r_starts/qpc-start-2-before.stdout.txt,0af1dc85c4118335c0b9f50d855d77dbbfe028038b4410a7af789a0ed96aafd4
goal2r_starts,start-2,after,True,"[0.9999420229336662, 1.0000496989276952]",0.00010763588498026585,"[0.000385043, 0.000688385]",results/goal2r_starts/qpc-start-2-after.stdout.txt,6a2bf2984b80954122ab24199447fdc54be8cab4f880aa70c577048058a9b2a9
goal2r_starts,start-3,before,True,"[0.9999599332133129, 1.0000354338737156]",7.546092283437486e-05,"[0.000221599, 0.000537992]",results/goal2r_starts/qpc-start-3-before.stdout.txt,b30f674f89cf4ef380d43bb6d47b5730fa3a34197f5ec3970dec484055c27c0b
goal2r_starts,start-3,after,True,"[0.9999503106486023, 1.000040101415042]",8.975019006832305e-05,"[0.000286344, 0.000598405]",results/goal2r_starts/qpc-start-3-after.stdout.txt,fa450c40acfffdeaaf17b23b6f6b5383f078ff89cecde63e2c27977c855a04d6
goal2r_starts,start-4,before,True,"[0.9999567439920708, 1.0000300906937614]",7.330785532077092e-05,"[0.000248955, 0.000505889]",results/goal2r_starts/qpc-start-4-before.stdout.txt,5b5216843d76d0c0f7e2cabfd961c98f294cb1754f3e27903d7843c812af910f
goal2r_starts,start-4,after,True,"[0.9999520289629454, 1.0000418442016192]",8.977511346473945e-05,"[0.00032365, 0.000571297]",results/goal2r_starts/qpc-start-4-after.stdout.txt,458250032e349c32192028a9496f9f6bbcb542c70b085d0e4eacce7cc6cec318
goal2r_confirmation,seed-1328375,before,True,"[0.9999538037763352, 1.000037232426208]",8.338844192419697e-05,"[0.000269345, 0.000560223]",results/goal2r_confirmation/qpc-seed-1328375-before.stdout.txt,3afa5d463ddb1577ee037a3bb508404249f40cf60e8da93950e39d166096cb33
goal2r_confirmation,seed-1328375,after,True,"[0.9999510394161671, 1.000047643260155]",9.656410868179512e-05,"[0.000454305, 0.000517768]",results/goal2r_confirmation/qpc-seed-1328375-after.stdout.txt,f599ef876d0476eebe988ac4bd6f90410cf74defddac6a583d75826220101997
goal2r_confirmation,seed-1433104,before,True,"[0.9999572234719953, 1.000027773266773]",7.050988694520597e-05,"[0.000299714, 0.000407008]",results/goal2r_confirmation/qpc-seed-1433104-before.stdout.txt,fae9f1cd908c17cc2aec313383e990c62bd3debe9e173d7fe2e5cd2dfaf5d37c
goal2r_confirmation,seed-1433104,after,True,"[0.9999530897570287, 1.000039693352745]",8.656392789483813e-05,"[0.000273991, 0.000598894]",results/goal2r_confirmation/qpc-seed-1433104-after.stdout.txt,270903022c954a437406a46276d7b21b410162e9adad258f582ae44edf26afde
goal2r_confirmation,seed-1537833,before,True,"[0.9999521048212037, 1.0000330099211687]",8.086542237134612e-05,"[0.000230691, 0.000584528]",results/goal2r_confirmation/qpc-seed-1537833-before.stdout.txt,b2f572fb5d4f720bb73742963aa718db6a4fdaac1144dced9cbd5bab01978f6d
goal2r_confirmation,seed-1537833,after,True,"[0.9999501644716254, 1.0000358042175113]",8.56000721432379e-05,"[0.000213016, 0.000650018]",results/goal2r_confirmation/qpc-seed-1537833-after.stdout.txt,cf8d57eb816215e3106dadfe6c1d01b4fc5752553ac1eb60afe182d0b5a970ec
