s,opt,failed_runs,rounds,valid_runs,samples,median_s,min_s,max_s,mad_s,gap_ref_pct
8,O0,0,"[1, 2, 3]",3,"[393.848872, 389.661449, 391.01906]",391.01906,389.661449,393.848872,1.3576110000000199,731.8226383600372
8,O1,0,"[1, 2, 3]",3,"[105.351811, 99.987787, 101.83914]",101.83914,99.987787,105.351811,1.8513530000000031,116.6444319187847
8,O2,0,"[1, 2, 3]",3,"[99.441381, 100.628924, 103.676373]",100.628924,99.441381,103.676373,1.187542999999991,114.06991530543719
8,O3,0,"[1, 2, 3]",3,"[100.415041, 102.737143, 101.957034]",101.957034,100.415041,102.737143,0.7801090000000102,116.89523017431429
16,O0,0,"[1, 2, 3]",3,"[314.702166, 313.773654, 316.390441]",314.702166,313.773654,316.390441,0.9285119999999552,569.4721889509385
16,O1,0,"[1, 2, 3]",3,"[63.628636, 63.383835, 66.819025]",63.628636,63.383835,66.819025,0.2448010000000025,35.35846532077092
16,O2,0,"[1, 2, 3]",3,"[62.537484, 63.683843, 61.871661]",62.537484,61.871661,63.683843,0.6658229999999961,33.03723592726813
16,O3,0,"[1, 2, 3]",3,"[64.712676, 64.209566, 66.757137]",64.712676,64.209566,66.757137,0.5031100000000066,37.66456521494952
24,O0,0,"[1, 2, 3]",3,"[238.978801, 287.353034, 291.588661]",287.353034,238.978801,291.588661,4.235627000000022,511.29183544822973
24,O1,0,"[1, 2, 3]",3,"[64.517075, 67.627184, 65.436714]",65.436714,64.517075,67.627184,0.9196389999999894,39.20482568059771
24,O2,0,"[1, 2, 3]",3,"[53.777253, 67.582815, 63.718468]",63.718468,53.777253,67.582815,3.864346999999995,35.54956672449574
24,O3,0,"[1, 2, 3]",3,"[62.391651, 64.305891, 63.927611]",63.927611,62.391651,64.305891,0.3782800000000037,35.99448079608738
64,O0,0,"[1, 2, 3]",3,"[271.412812, 248.731089, 246.584909]",248.731089,246.584909,271.412812,2.146179999999987,429.1306022119362
64,O1,0,"[1, 2, 3]",3,"[50.940238, 57.790135, 55.894518]",55.894518,50.940238,57.790135,1.8956170000000014,18.905521977937823
64,O2,0,"[1, 2, 3]",3,"[64.957855, 57.380079, 56.035192]",57.380079,56.035192,64.957855,1.344887,22.065785496715606
64,O3,0,"[1, 2, 3]",3,"[57.015349, 57.321516, 54.596104]",57.015349,54.596104,57.321516,0.3061670000000021,21.28988809956811
128,O0,0,"[1, 2, 3]",3,"[239.426935, 233.37557, 236.40408]",236.40408,233.37557,239.426935,3.0228549999999927,402.9071103200885
128,O1,0,"[1, 2, 3]",3,"[53.234821, 47.395634, 46.70197]",47.395634,46.70197,53.234821,0.6936639999999983,0.8256766834503715
128,O2,0,"[1, 2, 3]",3,"[54.389251, 47.516251, 46.134434]",47.516251,46.134434,54.389251,1.381816999999998,1.082267631142475
128,O3,0,"[1, 2, 3]",3,"[49.688403, 46.822599, 47.007504]",47.007504,46.822599,49.688403,0.18490500000000054,0.0
