stage,task,role,block,seed,round,algorithm,s,opt,valid,status,kernel_s,process_raw_s,binary_sha256,journal
reference,warmup-reference,warmup,,0,,,128,O2,True,ok,41.308534,42.081191444,ed09737e4c5fc1502bba676bd34101ec490560242787aa71e36236f3e44291fe,results/goal2r_reference/warmup-reference.jsonl
reference,anchor-r1-00,anchor,,0,1,,128,O2,True,ok,42.340832,43.024412639,ed09737e4c5fc1502bba676bd34101ec490560242787aa71e36236f3e44291fe,results/goal2r_reference/anchor-r1-00.jsonl
reference,ref-r1-01,reference,,0,1,,24,O0,True,ok,238.978801,239.617355144,1cb0987ef381ecb5526a1df53aeaa0221c849fed9e76d196fc3e5370ccd3044e,results/goal2r_reference/ref-r1-01.jsonl
reference,ref-r1-02,reference,,0,1,,24,O2,True,ok,53.777253,54.387003267,ed09737e4c5fc1502bba676bd34101ec490560242787aa71e36236f3e44291fe,results/goal2r_reference/ref-r1-02.jsonl
reference,ref-r1-03,reference,,0,1,,64,O1,True,ok,50.940238,51.515436782,bb64f1ef2a1a927cec81d4a3dab01d0aa42cdb2536a7b269e31b2d247048cc77,results/goal2r_reference/ref-r1-03.jsonl
reference,ref-r1-04,reference,,0,1,,16,O1,True,ok,63.628636,64.318087326,bb64f1ef2a1a927cec81d4a3dab01d0aa42cdb2536a7b269e31b2d247048cc77,results/goal2r_reference/ref-r1-04.jsonl
reference,ref-r1-05,reference,,0,1,,8,O1,True,ok,105.351811,106.033953366,bb64f1ef2a1a927cec81d4a3dab01d0aa42cdb2536a7b269e31b2d247048cc77,results/goal2r_reference/ref-r1-05.jsonl
reference,ref-r1-06,reference,,0,1,,64,O2,True,ok,64.957855,65.706518071,ed09737e4c5fc1502bba676bd34101ec490560242787aa71e36236f3e44291fe,results/goal2r_reference/ref-r1-06.jsonl
reference,ref-r1-07,reference,,0,1,,64,O0,True,ok,271.412812,272.266038915,1cb0987ef381ecb5526a1df53aeaa0221c849fed9e76d196fc3e5370ccd3044e,results/goal2r_reference/ref-r1-07.jsonl
reference,ref-r1-08,reference,,0,1,,16,O2,True,ok,62.537484,63.211695074,ed09737e4c5fc1502bba676bd34101ec490560242787aa71e36236f3e44291fe,results/goal2r_reference/ref-r1-08.jsonl
reference,ref-r1-09,reference,,0,1,,16,O0,True,ok,314.702166,315.430878292,1cb0987ef381ecb5526a1df53aeaa0221c849fed9e76d196fc3e5370ccd3044e,results/goal2r_reference/ref-r1-09.jsonl
reference,ref-r1-10,reference,,0,1,,8,O0,True,ok,393.848872,394.564071146,1cb0987ef381ecb5526a1df53aeaa0221c849fed9e76d196fc3e5370ccd3044e,results/goal2r_reference/ref-r1-10.jsonl
reference,ref-r1-11,reference,,0,1,,8,O3,True,ok,100.415041,101.070135902,cbffa4a612e473bfe56a098492f886082cce7f3916790caf4cef2f577ddbf13f,results/goal2r_reference/ref-r1-11.jsonl
reference,ref-r1-12,reference,,0,1,,8,O2,True,ok,99.441381,100.124500519,ed09737e4c5fc1502bba676bd34101ec490560242787aa71e36236f3e44291fe,results/goal2r_reference/ref-r1-12.jsonl
reference,ref-r1-13,reference,,0,1,,128,O1,True,ok,53.234821,53.914109886,bb64f1ef2a1a927cec81d4a3dab01d0aa42cdb2536a7b269e31b2d247048cc77,results/goal2r_reference/ref-r1-13.jsonl
reference,ref-r1-14,reference,,0,1,,128,O3,True,ok,49.688403,50.697745781,cbffa4a612e473bfe56a098492f886082cce7f3916790caf4cef2f577ddbf13f,results/goal2r_reference/ref-r1-14.jsonl
reference,ref-r1-15,reference,,0,1,,24,O3,True,ok,62.391651,63.102860269,cbffa4a612e473bfe56a098492f886082cce7f3916790caf4cef2f577ddbf13f,results/goal2r_reference/ref-r1-15.jsonl
reference,ref-r1-16,reference,,0,1,,128,O0,True,ok,239.426935,240.15963392,1cb0987ef381ecb5526a1df53aeaa0221c849fed9e76d196fc3e5370ccd3044e,results/goal2r_reference/ref-r1-16.jsonl
reference,ref-r1-17,reference,,0,1,,64,O3,True,ok,57.015349,57.762041831,cbffa4a612e473bfe56a098492f886082cce7f3916790caf4cef2f577ddbf13f,results/goal2r_reference/ref-r1-17.jsonl
reference,ref-r1-18,reference,,0,1,,16,O3,True,ok,64.712676,65.400724427,cbffa4a612e473bfe56a098492f886082cce7f3916790caf4cef2f577ddbf13f,results/goal2r_reference/ref-r1-18.jsonl
reference,ref-r1-19,reference,,0,1,,24,O1,True,ok,64.517075,65.228171315,bb64f1ef2a1a927cec81d4a3dab01d0aa42cdb2536a7b269e31b2d247048cc77,results/goal2r_reference/ref-r1-19.jsonl
reference,ref-r1-20,reference,,0,1,,128,O2,True,ok,54.389251,55.086734227,ed09737e4c5fc1502bba676bd34101ec490560242787aa71e36236f3e44291fe,results/goal2r_reference/ref-r1-20.jsonl
reference,anchor-r2-00,anchor,,0,2,,128,O2,True,ok,51.276746,51.948989153,ed09737e4c5fc1502bba676bd34101ec490560242787aa71e36236f3e44291fe,results/goal2r_reference/anchor-r2-00.jsonl
reference,ref-r2-01,reference,,0,2,,64,O3,True,ok,57.321516,58.012249777,cbffa4a612e473bfe56a098492f886082cce7f3916790caf4cef2f577ddbf13f,results/goal2r_reference/ref-r2-01.jsonl
reference,ref-r2-02,reference,,0,2,,8,O1,True,ok,99.987787,100.63901619,bb64f1ef2a1a927cec81d4a3dab01d0aa42cdb2536a7b269e31b2d247048cc77,results/goal2r_reference/ref-r2-02.jsonl
reference,ref-r2-03,reference,,0,2,,24,O2,True,ok,67.582815,68.42433086,ed09737e4c5fc1502bba676bd34101ec490560242787aa71e36236f3e44291fe,results/goal2r_reference/ref-r2-03.jsonl
reference,ref-r2-04,reference,,0,2,,8,O0,True,ok,389.661449,390.383555672,1cb0987ef381ecb5526a1df53aeaa0221c849fed9e76d196fc3e5370ccd3044e,results/goal2r_reference/ref-r2-04.jsonl
reference,ref-r2-05,reference,,0,2,,16,O2,True,ok,63.683843,64.342145763,ed09737e4c5fc1502bba676bd34101ec490560242787aa71e36236f3e44291fe,results/goal2r_reference/ref-r2-05.jsonl
reference,ref-r2-06,reference,,0,2,,8,O3,True,ok,102.737143,103.631445018,cbffa4a612e473bfe56a098492f886082cce7f3916790caf4cef2f577ddbf13f,results/goal2r_reference/ref-r2-06.jsonl
reference,ref-r2-07,reference,,0,2,,64,O1,True,ok,57.790135,58.623297834,bb64f1ef2a1a927cec81d4a3dab01d0aa42cdb2536a7b269e31b2d247048cc77,results/goal2r_reference/ref-r2-07.jsonl
reference,ref-r2-08,reference,,0,2,,128,O0,True,ok,233.37557,234.14543429,1cb0987ef381ecb5526a1df53aeaa0221c849fed9e76d196fc3e5370ccd3044e,results/goal2r_reference/ref-r2-08.jsonl
reference,ref-r2-09,reference,,0,2,,24,O1,True,ok,67.627184,68.33192651,bb64f1ef2a1a927cec81d4a3dab01d0aa42cdb2536a7b269e31b2d247048cc77,results/goal2r_reference/ref-r2-09.jsonl
reference,ref-r2-10,reference,,0,2,,64,O0,True,ok,248.731089,249.448640479,1cb0987ef381ecb5526a1df53aeaa0221c849fed9e76d196fc3e5370ccd3044e,results/goal2r_reference/ref-r2-10.jsonl
reference,ref-r2-11,reference,,0,2,,8,O2,True,ok,100.628924,101.346055757,ed09737e4c5fc1502bba676bd34101ec490560242787aa71e36236f3e44291fe,results/goal2r_reference/ref-r2-11.jsonl
reference,ref-r2-12,reference,,0,2,,128,O1,True,ok,47.395634,48.19682995,bb64f1ef2a1a927cec81d4a3dab01d0aa42cdb2536a7b269e31b2d247048cc77,results/goal2r_reference/ref-r2-12.jsonl
reference,ref-r2-13,reference,,0,2,,64,O2,True,ok,57.380079,58.089907314,ed09737e4c5fc1502bba676bd34101ec490560242787aa71e36236f3e44291fe,results/goal2r_reference/ref-r2-13.jsonl
reference,ref-r2-14,reference,,0,2,,24,O0,True,ok,287.353034,288.104333663,1cb0987ef381ecb5526a1df53aeaa0221c849fed9e76d196fc3e5370ccd3044e,results/goal2r_reference/ref-r2-14.jsonl
reference,ref-r2-15,reference,,0,2,,16,O1,True,ok,63.383835,64.221422131,bb64f1ef2a1a927cec81d4a3dab01d0aa42cdb2536a7b269e31b2d247048cc77,results/goal2r_reference/ref-r2-15.jsonl
reference,ref-r2-16,reference,,0,2,,16,O3,True,ok,64.209566,64.905573484,cbffa4a612e473bfe56a098492f886082cce7f3916790caf4cef2f577ddbf13f,results/goal2r_reference/ref-r2-16.jsonl
reference,ref-r2-17,reference,,0,2,,128,O2,True,ok,47.516251,48.20745657,ed09737e4c5fc1502bba676bd34101ec490560242787aa71e36236f3e44291fe,results/goal2r_reference/ref-r2-17.jsonl
reference,ref-r2-18,reference,,0,2,,128,O3,True,ok,46.822599,47.512161553,cbffa4a612e473bfe56a098492f886082cce7f3916790caf4cef2f577ddbf13f,results/goal2r_reference/ref-r2-18.jsonl
reference,ref-r2-19,reference,,0,2,,24,O3,True,ok,64.305891,65.033924967,cbffa4a612e473bfe56a098492f886082cce7f3916790caf4cef2f577ddbf13f,results/goal2r_reference/ref-r2-19.jsonl
reference,ref-r2-20,reference,,0,2,,16,O0,True,ok,313.773654,314.575129761,1cb0987ef381ecb5526a1df53aeaa0221c849fed9e76d196fc3e5370ccd3044e,results/goal2r_reference/ref-r2-20.jsonl
reference,anchor-r3-00,anchor,,0,3,,128,O2,True,ok,47.201093,47.843062473,ed09737e4c5fc1502bba676bd34101ec490560242787aa71e36236f3e44291fe,results/goal2r_reference/anchor-r3-00.jsonl
reference,ref-r3-01,reference,,0,3,,16,O1,True,ok,66.819025,67.489052609,bb64f1ef2a1a927cec81d4a3dab01d0aa42cdb2536a7b269e31b2d247048cc77,results/goal2r_reference/ref-r3-01.jsonl
reference,ref-r3-02,reference,,0,3,,128,O3,True,ok,47.007504,47.70345284,cbffa4a612e473bfe56a098492f886082cce7f3916790caf4cef2f577ddbf13f,results/goal2r_reference/ref-r3-02.jsonl
reference,ref-r3-03,reference,,0,3,,128,O0,True,ok,236.40408,237.205698565,1cb0987ef381ecb5526a1df53aeaa0221c849fed9e76d196fc3e5370ccd3044e,results/goal2r_reference/ref-r3-03.jsonl
reference,ref-r3-04,reference,,0,3,,24,O0,True,ok,291.588661,292.285211462,1cb0987ef381ecb5526a1df53aeaa0221c849fed9e76d196fc3e5370ccd3044e,results/goal2r_reference/ref-r3-04.jsonl
reference,ref-r3-05,reference,,0,3,,128,O1,True,ok,46.70197,47.490144861,bb64f1ef2a1a927cec81d4a3dab01d0aa42cdb2536a7b269e31b2d247048cc77,results/goal2r_reference/ref-r3-05.jsonl
reference,ref-r3-06,reference,,0,3,,64,O2,True,ok,56.035192,56.734068056,ed09737e4c5fc1502bba676bd34101ec490560242787aa71e36236f3e44291fe,results/goal2r_reference/ref-r3-06.jsonl
reference,ref-r3-07,reference,,0,3,,8,O3,True,ok,101.957034,102.634694452,cbffa4a612e473bfe56a098492f886082cce7f3916790caf4cef2f577ddbf13f,results/goal2r_reference/ref-r3-07.jsonl
reference,ref-r3-08,reference,,0,3,,128,O2,True,ok,46.134434,46.813880667,ed09737e4c5fc1502bba676bd34101ec490560242787aa71e36236f3e44291fe,results/goal2r_reference/ref-r3-08.jsonl
reference,ref-r3-09,reference,,0,3,,16,O3,True,ok,66.757137,67.426359238,cbffa4a612e473bfe56a098492f886082cce7f3916790caf4cef2f577ddbf13f,results/goal2r_reference/ref-r3-09.jsonl
reference,ref-r3-10,reference,,0,3,,24,O3,True,ok,63.927611,64.724005245,cbffa4a612e473bfe56a098492f886082cce7f3916790caf4cef2f577ddbf13f,results/goal2r_reference/ref-r3-10.jsonl
reference,ref-r3-11,reference,,0,3,,64,O0,True,ok,246.584909,247.315415008,1cb0987ef381ecb5526a1df53aeaa0221c849fed9e76d196fc3e5370ccd3044e,results/goal2r_reference/ref-r3-11.jsonl
reference,ref-r3-12,reference,,0,3,,64,O1,True,ok,55.894518,56.581033336,bb64f1ef2a1a927cec81d4a3dab01d0aa42cdb2536a7b269e31b2d247048cc77,results/goal2r_reference/ref-r3-12.jsonl
reference,ref-r3-13,reference,,0,3,,24,O2,True,ok,63.718468,64.421729849,ed09737e4c5fc1502bba676bd34101ec490560242787aa71e36236f3e44291fe,results/goal2r_reference/ref-r3-13.jsonl
reference,ref-r3-14,reference,,0,3,,24,O1,True,ok,65.436714,66.150361368,bb64f1ef2a1a927cec81d4a3dab01d0aa42cdb2536a7b269e31b2d247048cc77,results/goal2r_reference/ref-r3-14.jsonl
reference,ref-r3-15,reference,,0,3,,8,O1,True,ok,101.83914,102.519720234,bb64f1ef2a1a927cec81d4a3dab01d0aa42cdb2536a7b269e31b2d247048cc77,results/goal2r_reference/ref-r3-15.jsonl
reference,ref-r3-16,reference,,0,3,,64,O3,True,ok,54.596104,55.328794607,cbffa4a612e473bfe56a098492f886082cce7f3916790caf4cef2f577ddbf13f,results/goal2r_reference/ref-r3-16.jsonl
reference,ref-r3-17,reference,,0,3,,16,O0,True,ok,316.390441,317.109889055,1cb0987ef381ecb5526a1df53aeaa0221c849fed9e76d196fc3e5370ccd3044e,results/goal2r_reference/ref-r3-17.jsonl
reference,ref-r3-18,reference,,0,3,,16,O2,True,ok,61.871661,62.560130646,ed09737e4c5fc1502bba676bd34101ec490560242787aa71e36236f3e44291fe,results/goal2r_reference/ref-r3-18.jsonl
reference,ref-r3-19,reference,,0,3,,8,O0,True,ok,391.01906,391.743967018,1cb0987ef381ecb5526a1df53aeaa0221c849fed9e76d196fc3e5370ccd3044e,results/goal2r_reference/ref-r3-19.jsonl
reference,ref-r3-20,reference,,0,3,,8,O2,True,ok,103.676373,104.362265049,ed09737e4c5fc1502bba676bd34101ec490560242787aa71e36236f3e44291fe,results/goal2r_reference/ref-r3-20.jsonl
comparison,b1-recheck-seed700001,search,1,700001,,recheck,16,O2,True,ok,64.265521,64.976985038,ed09737e4c5fc1502bba676bd34101ec490560242787aa71e36236f3e44291fe,results/goal2r_comparison/b1-recheck-seed700001.jsonl
comparison,b1-recheck-seed700001,search,1,700001,,recheck,128,O3,True,ok,66.258545,66.949946332,cbffa4a612e473bfe56a098492f886082cce7f3916790caf4cef2f577ddbf13f,results/goal2r_comparison/b1-recheck-seed700001.jsonl
comparison,b1-recheck-seed700001,search,1,700001,,recheck,128,O1,True,ok,65.643517,66.328365046,bb64f1ef2a1a927cec81d4a3dab01d0aa42cdb2536a7b269e31b2d247048cc77,results/goal2r_comparison/b1-recheck-seed700001.jsonl
comparison,b1-recheck-seed700001,search,1,700001,,recheck,64,O3,True,ok,57.251267,57.905144744,cbffa4a612e473bfe56a098492f886082cce7f3916790caf4cef2f577ddbf13f,results/goal2r_comparison/b1-recheck-seed700001.jsonl
comparison,b1-recheck-seed700001,search,1,700001,,recheck,24,O2,True,ok,63.150514,63.810820867,ed09737e4c5fc1502bba676bd34101ec490560242787aa71e36236f3e44291fe,results/goal2r_comparison/b1-recheck-seed700001.jsonl
comparison,b1-recheck-seed700001,search,1,700001,,recheck,8,O1,True,ok,100.337916,101.0544071,bb64f1ef2a1a927cec81d4a3dab01d0aa42cdb2536a7b269e31b2d247048cc77,results/goal2r_comparison/b1-recheck-seed700001.jsonl
comparison,b1-recheck-seed700001,search,1,700001,,recheck,64,O3,True,ok,59.632608,60.317767779,cbffa4a612e473bfe56a098492f886082cce7f3916790caf4cef2f577ddbf13f,results/goal2r_comparison/b1-recheck-seed700001.jsonl
comparison,b1-recheck-seed700001,search,1,700001,,recheck,24,O2,True,ok,64.515549,65.321392737,ed09737e4c5fc1502bba676bd34101ec490560242787aa71e36236f3e44291fe,results/goal2r_comparison/b1-recheck-seed700001.jsonl
comparison,b1-grid-seed700001,search,1,700001,,grid,8,O0,True,ok,399.495476,400.236101237,1cb0987ef381ecb5526a1df53aeaa0221c849fed9e76d196fc3e5370ccd3044e,results/goal2r_comparison/b1-grid-seed700001.jsonl
comparison,b1-grid-seed700001,search,1,700001,,grid,8,O1,True,ok,100.017698,100.690308355,bb64f1ef2a1a927cec81d4a3dab01d0aa42cdb2536a7b269e31b2d247048cc77,results/goal2r_comparison/b1-grid-seed700001.jsonl
comparison,b1-grid-seed700001,search,1,700001,,grid,8,O2,True,ok,101.88954,102.556403014,ed09737e4c5fc1502bba676bd34101ec490560242787aa71e36236f3e44291fe,results/goal2r_comparison/b1-grid-seed700001.jsonl
comparison,b1-grid-seed700001,search,1,700001,,grid,8,O3,True,ok,98.955863,99.611789885,cbffa4a612e473bfe56a098492f886082cce7f3916790caf4cef2f577ddbf13f,results/goal2r_comparison/b1-grid-seed700001.jsonl
comparison,b1-grid-seed700001,search,1,700001,,grid,16,O0,True,ok,310.656703,311.372806436,1cb0987ef381ecb5526a1df53aeaa0221c849fed9e76d196fc3e5370ccd3044e,results/goal2r_comparison/b1-grid-seed700001.jsonl
comparison,b1-grid-seed700001,search,1,700001,,grid,16,O1,True,ok,64.695213,65.377266669,bb64f1ef2a1a927cec81d4a3dab01d0aa42cdb2536a7b269e31b2d247048cc77,results/goal2r_comparison/b1-grid-seed700001.jsonl
comparison,b1-grid-seed700001,search,1,700001,,grid,16,O2,True,ok,66.61898,67.2953192,ed09737e4c5fc1502bba676bd34101ec490560242787aa71e36236f3e44291fe,results/goal2r_comparison/b1-grid-seed700001.jsonl
comparison,b1-grid-seed700001,search,1,700001,,grid,16,O3,True,ok,62.351204,63.066170276,cbffa4a612e473bfe56a098492f886082cce7f3916790caf4cef2f577ddbf13f,results/goal2r_comparison/b1-grid-seed700001.jsonl
comparison,b1-greedy-seed700001,search,1,700001,,greedy,64,O0,True,ok,251.371665,252.108145007,1cb0987ef381ecb5526a1df53aeaa0221c849fed9e76d196fc3e5370ccd3044e,results/goal2r_comparison/b1-greedy-seed700001.jsonl
comparison,b1-greedy-seed700001,search,1,700001,,greedy,24,O0,True,ok,284.905209,285.655492053,1cb0987ef381ecb5526a1df53aeaa0221c849fed9e76d196fc3e5370ccd3044e,results/goal2r_comparison/b1-greedy-seed700001.jsonl
comparison,b1-greedy-seed700001,search,1,700001,,greedy,64,O1,True,ok,59.892874,60.588127903,bb64f1ef2a1a927cec81d4a3dab01d0aa42cdb2536a7b269e31b2d247048cc77,results/goal2r_comparison/b1-greedy-seed700001.jsonl
comparison,b1-greedy-seed700001,search,1,700001,,greedy,128,O0,True,ok,250.325891,251.03466419,1cb0987ef381ecb5526a1df53aeaa0221c849fed9e76d196fc3e5370ccd3044e,results/goal2r_comparison/b1-greedy-seed700001.jsonl
comparison,b1-greedy-seed700001,search,1,700001,,greedy,24,O1,True,ok,62.511969,63.205993529,bb64f1ef2a1a927cec81d4a3dab01d0aa42cdb2536a7b269e31b2d247048cc77,results/goal2r_comparison/b1-greedy-seed700001.jsonl
comparison,b1-greedy-seed700001,search,1,700001,,greedy,64,O2,True,ok,59.373826,60.111141662,ed09737e4c5fc1502bba676bd34101ec490560242787aa71e36236f3e44291fe,results/goal2r_comparison/b1-greedy-seed700001.jsonl
comparison,b1-greedy-seed700001,search,1,700001,,greedy,128,O1,True,ok,56.759862,57.423298703,bb64f1ef2a1a927cec81d4a3dab01d0aa42cdb2536a7b269e31b2d247048cc77,results/goal2r_comparison/b1-greedy-seed700001.jsonl
comparison,b1-greedy-seed700001,search,1,700001,,greedy,128,O2,True,ok,56.176861,56.871898047,ed09737e4c5fc1502bba676bd34101ec490560242787aa71e36236f3e44291fe,results/goal2r_comparison/b1-greedy-seed700001.jsonl
comparison,b1-random-seed700001,search,1,700001,,random,16,O2,True,ok,72.627201,73.372271931,ed09737e4c5fc1502bba676bd34101ec490560242787aa71e36236f3e44291fe,results/goal2r_comparison/b1-random-seed700001.jsonl
comparison,b1-random-seed700001,search,1,700001,,random,128,O3,True,ok,62.413876,63.219219027,cbffa4a612e473bfe56a098492f886082cce7f3916790caf4cef2f577ddbf13f,results/goal2r_comparison/b1-random-seed700001.jsonl
comparison,b1-random-seed700001,search,1,700001,,random,128,O1,True,ok,61.391234,62.076193426,bb64f1ef2a1a927cec81d4a3dab01d0aa42cdb2536a7b269e31b2d247048cc77,results/goal2r_comparison/b1-random-seed700001.jsonl
comparison,b1-random-seed700001,search,1,700001,,random,64,O3,True,ok,66.117128,67.091060119,cbffa4a612e473bfe56a098492f886082cce7f3916790caf4cef2f577ddbf13f,results/goal2r_comparison/b1-random-seed700001.jsonl
comparison,b1-random-seed700001,search,1,700001,,random,24,O2,True,ok,65.296693,65.978147411,ed09737e4c5fc1502bba676bd34101ec490560242787aa71e36236f3e44291fe,results/goal2r_comparison/b1-random-seed700001.jsonl
comparison,b1-random-seed700001,search,1,700001,,random,8,O1,True,ok,100.989545,101.808722009,bb64f1ef2a1a927cec81d4a3dab01d0aa42cdb2536a7b269e31b2d247048cc77,results/goal2r_comparison/b1-random-seed700001.jsonl
comparison,b1-random-seed700001,search,1,700001,,random,24,O1,True,ok,65.07679,65.75863533,bb64f1ef2a1a927cec81d4a3dab01d0aa42cdb2536a7b269e31b2d247048cc77,results/goal2r_comparison/b1-random-seed700001.jsonl
comparison,b1-random-seed700001,search,1,700001,,random,8,O0,True,ok,402.120183,402.837302463,1cb0987ef381ecb5526a1df53aeaa0221c849fed9e76d196fc3e5370ccd3044e,results/goal2r_comparison/b1-random-seed700001.jsonl
comparison,panel-b1-r1-s128-O3,shared_confirmation,1,700001,1,,128,O3,True,ok,61.994361,62.642039355,cbffa4a612e473bfe56a098492f886082cce7f3916790caf4cef2f577ddbf13f,results/goal2r_comparison/panel-b1-r1-s128-O3.jsonl
comparison,panel-b1-r1-s128-O1,shared_confirmation,1,700001,1,,128,O1,True,ok,61.068366,61.737442638,bb64f1ef2a1a927cec81d4a3dab01d0aa42cdb2536a7b269e31b2d247048cc77,results/goal2r_comparison/panel-b1-r1-s128-O1.jsonl
comparison,panel-b1-r1-s64-O3,shared_confirmation,1,700001,1,,64,O3,True,ok,63.236509,63.909019504,cbffa4a612e473bfe56a098492f886082cce7f3916790caf4cef2f577ddbf13f,results/goal2r_comparison/panel-b1-r1-s64-O3.jsonl
comparison,panel-b1-r2-s128-O1,shared_confirmation,1,700001,2,,128,O1,True,ok,61.877465,62.565342929,bb64f1ef2a1a927cec81d4a3dab01d0aa42cdb2536a7b269e31b2d247048cc77,results/goal2r_comparison/panel-b1-r2-s128-O1.jsonl
comparison,panel-b1-r2-s128-O3,shared_confirmation,1,700001,2,,128,O3,True,ok,60.581791,61.346901802,cbffa4a612e473bfe56a098492f886082cce7f3916790caf4cef2f577ddbf13f,results/goal2r_comparison/panel-b1-r2-s128-O3.jsonl
comparison,panel-b1-r2-s64-O3,shared_confirmation,1,700001,2,,64,O3,True,ok,66.108492,66.762700936,cbffa4a612e473bfe56a098492f886082cce7f3916790caf4cef2f577ddbf13f,results/goal2r_comparison/panel-b1-r2-s64-O3.jsonl
comparison,panel-b1-r3-s128-O1,shared_confirmation,1,700001,3,,128,O1,True,ok,59.984421,60.669289798,bb64f1ef2a1a927cec81d4a3dab01d0aa42cdb2536a7b269e31b2d247048cc77,results/goal2r_comparison/panel-b1-r3-s128-O1.jsonl
comparison,panel-b1-r3-s64-O3,shared_confirmation,1,700001,3,,64,O3,True,ok,64.036838,64.73415346,cbffa4a612e473bfe56a098492f886082cce7f3916790caf4cef2f577ddbf13f,results/goal2r_comparison/panel-b1-r3-s64-O3.jsonl
comparison,panel-b1-r3-s128-O3,shared_confirmation,1,700001,3,,128,O3,True,ok,59.671412,60.380333222,cbffa4a612e473bfe56a098492f886082cce7f3916790caf4cef2f577ddbf13f,results/goal2r_comparison/panel-b1-r3-s128-O3.jsonl
comparison,b2-random-seed804730,search,2,804730,,random,16,O3,True,ok,68.604857,69.314416455,cbffa4a612e473bfe56a098492f886082cce7f3916790caf4cef2f577ddbf13f,results/goal2r_comparison/b2-random-seed804730.jsonl
comparison,b2-random-seed804730,search,2,804730,,random,64,O1,True,ok,60.868061,61.625919036,bb64f1ef2a1a927cec81d4a3dab01d0aa42cdb2536a7b269e31b2d247048cc77,results/goal2r_comparison/b2-random-seed804730.jsonl
comparison,b2-random-seed804730,search,2,804730,,random,128,O2,True,ok,61.620885,62.280816561,ed09737e4c5fc1502bba676bd34101ec490560242787aa71e36236f3e44291fe,results/goal2r_comparison/b2-random-seed804730.jsonl
comparison,b2-random-seed804730,search,2,804730,,random,24,O2,True,ok,66.964773,67.627960305,ed09737e4c5fc1502bba676bd34101ec490560242787aa71e36236f3e44291fe,results/goal2r_comparison/b2-random-seed804730.jsonl
comparison,b2-random-seed804730,search,2,804730,,random,24,O3,True,ok,63.972597,64.699786544,cbffa4a612e473bfe56a098492f886082cce7f3916790caf4cef2f577ddbf13f,results/goal2r_comparison/b2-random-seed804730.jsonl
comparison,b2-random-seed804730,search,2,804730,,random,8,O1,True,ok,101.589824,102.274592341,bb64f1ef2a1a927cec81d4a3dab01d0aa42cdb2536a7b269e31b2d247048cc77,results/goal2r_comparison/b2-random-seed804730.jsonl
comparison,b2-random-seed804730,search,2,804730,,random,128,O0,True,ok,260.528549,261.227161241,1cb0987ef381ecb5526a1df53aeaa0221c849fed9e76d196fc3e5370ccd3044e,results/goal2r_comparison/b2-random-seed804730.jsonl
comparison,b2-random-seed804730,search,2,804730,,random,24,O0,True,ok,285.390572,286.148215938,1cb0987ef381ecb5526a1df53aeaa0221c849fed9e76d196fc3e5370ccd3044e,results/goal2r_comparison/b2-random-seed804730.jsonl
comparison,b2-recheck-seed804730,search,2,804730,,recheck,16,O3,True,ok,64.387803,65.055002884,cbffa4a612e473bfe56a098492f886082cce7f3916790caf4cef2f577ddbf13f,results/goal2r_comparison/b2-recheck-seed804730.jsonl
comparison,b2-recheck-seed804730,search,2,804730,,recheck,64,O1,True,ok,61.912559,62.620582053,bb64f1ef2a1a927cec81d4a3dab01d0aa42cdb2536a7b269e31b2d247048cc77,results/goal2r_comparison/b2-recheck-seed804730.jsonl
comparison,b2-recheck-seed804730,search,2,804730,,recheck,128,O2,True,ok,64.915229,65.60171507,ed09737e4c5fc1502bba676bd34101ec490560242787aa71e36236f3e44291fe,results/goal2r_comparison/b2-recheck-seed804730.jsonl
comparison,b2-recheck-seed804730,search,2,804730,,recheck,24,O2,True,ok,64.000288,64.73689679,ed09737e4c5fc1502bba676bd34101ec490560242787aa71e36236f3e44291fe,results/goal2r_comparison/b2-recheck-seed804730.jsonl
comparison,b2-recheck-seed804730,search,2,804730,,recheck,24,O3,True,ok,66.355159,67.311617307,cbffa4a612e473bfe56a098492f886082cce7f3916790caf4cef2f577ddbf13f,results/goal2r_comparison/b2-recheck-seed804730.jsonl
comparison,b2-recheck-seed804730,search,2,804730,,recheck,8,O1,True,ok,98.265462,98.987939292,bb64f1ef2a1a927cec81d4a3dab01d0aa42cdb2536a7b269e31b2d247048cc77,results/goal2r_comparison/b2-recheck-seed804730.jsonl
comparison,b2-recheck-seed804730,search,2,804730,,recheck,64,O1,True,ok,62.607627,63.296790007,bb64f1ef2a1a927cec81d4a3dab01d0aa42cdb2536a7b269e31b2d247048cc77,results/goal2r_comparison/b2-recheck-seed804730.jsonl
comparison,b2-recheck-seed804730,search,2,804730,,recheck,24,O2,True,ok,66.23275,66.880262566,ed09737e4c5fc1502bba676bd34101ec490560242787aa71e36236f3e44291fe,results/goal2r_comparison/b2-recheck-seed804730.jsonl
comparison,b2-greedy-seed804730,search,2,804730,,greedy,8,O0,True,ok,393.874632,395.057763779,1cb0987ef381ecb5526a1df53aeaa0221c849fed9e76d196fc3e5370ccd3044e,results/goal2r_comparison/b2-greedy-seed804730.jsonl
comparison,b2-greedy-seed804730,search,2,804730,,greedy,8,O1,True,ok,99.440159,100.129075884,bb64f1ef2a1a927cec81d4a3dab01d0aa42cdb2536a7b269e31b2d247048cc77,results/goal2r_comparison/b2-greedy-seed804730.jsonl
comparison,b2-greedy-seed804730,search,2,804730,,greedy,16,O0,True,ok,312.843632,313.628128633,1cb0987ef381ecb5526a1df53aeaa0221c849fed9e76d196fc3e5370ccd3044e,results/goal2r_comparison/b2-greedy-seed804730.jsonl
comparison,b2-greedy-seed804730,search,2,804730,,greedy,8,O2,True,ok,102.139535,102.834778253,ed09737e4c5fc1502bba676bd34101ec490560242787aa71e36236f3e44291fe,results/goal2r_comparison/b2-greedy-seed804730.jsonl
comparison,b2-greedy-seed804730,search,2,804730,,greedy,16,O1,True,ok,64.582671,65.392341074,bb64f1ef2a1a927cec81d4a3dab01d0aa42cdb2536a7b269e31b2d247048cc77,results/goal2r_comparison/b2-greedy-seed804730.jsonl
comparison,b2-greedy-seed804730,search,2,804730,,greedy,16,O2,True,ok,63.791117,64.481214021,ed09737e4c5fc1502bba676bd34101ec490560242787aa71e36236f3e44291fe,results/goal2r_comparison/b2-greedy-seed804730.jsonl
comparison,b2-greedy-seed804730,search,2,804730,,greedy,24,O1,True,ok,64.233923,64.968702952,bb64f1ef2a1a927cec81d4a3dab01d0aa42cdb2536a7b269e31b2d247048cc77,results/goal2r_comparison/b2-greedy-seed804730.jsonl
comparison,b2-greedy-seed804730,search,2,804730,,greedy,16,O3,True,ok,64.290054,65.012005383,cbffa4a612e473bfe56a098492f886082cce7f3916790caf4cef2f577ddbf13f,results/goal2r_comparison/b2-greedy-seed804730.jsonl
comparison,b2-grid-seed804730,search,2,804730,,grid,8,O0,True,ok,405.0698,405.807453428,1cb0987ef381ecb5526a1df53aeaa0221c849fed9e76d196fc3e5370ccd3044e,results/goal2r_comparison/b2-grid-seed804730.jsonl
comparison,b2-grid-seed804730,search,2,804730,,grid,8,O1,True,ok,99.839002,100.516281209,bb64f1ef2a1a927cec81d4a3dab01d0aa42cdb2536a7b269e31b2d247048cc77,results/goal2r_comparison/b2-grid-seed804730.jsonl
comparison,b2-grid-seed804730,search,2,804730,,grid,8,O2,True,ok,110.536852,111.247522506,ed09737e4c5fc1502bba676bd34101ec490560242787aa71e36236f3e44291fe,results/goal2r_comparison/b2-grid-seed804730.jsonl
comparison,b2-grid-seed804730,search,2,804730,,grid,8,O3,True,ok,104.983644,105.869206671,cbffa4a612e473bfe56a098492f886082cce7f3916790caf4cef2f577ddbf13f,results/goal2r_comparison/b2-grid-seed804730.jsonl
comparison,b2-grid-seed804730,search,2,804730,,grid,16,O0,True,ok,309.729944,310.424856072,1cb0987ef381ecb5526a1df53aeaa0221c849fed9e76d196fc3e5370ccd3044e,results/goal2r_comparison/b2-grid-seed804730.jsonl
comparison,b2-grid-seed804730,search,2,804730,,grid,16,O1,True,ok,65.397675,66.081117965,bb64f1ef2a1a927cec81d4a3dab01d0aa42cdb2536a7b269e31b2d247048cc77,results/goal2r_comparison/b2-grid-seed804730.jsonl
comparison,b2-grid-seed804730,search,2,804730,,grid,16,O2,True,ok,65.180597,65.884640728,ed09737e4c5fc1502bba676bd34101ec490560242787aa71e36236f3e44291fe,results/goal2r_comparison/b2-grid-seed804730.jsonl
comparison,b2-grid-seed804730,search,2,804730,,grid,16,O3,True,ok,63.791045,64.478052465,cbffa4a612e473bfe56a098492f886082cce7f3916790caf4cef2f577ddbf13f,results/goal2r_comparison/b2-grid-seed804730.jsonl
comparison,panel-b2-r1-s128-O3,shared_confirmation,2,804730,1,,128,O3,True,ok,59.861806,60.715061891,cbffa4a612e473bfe56a098492f886082cce7f3916790caf4cef2f577ddbf13f,results/goal2r_comparison/panel-b2-r1-s128-O3.jsonl
comparison,panel-b2-r1-s64-O1,shared_confirmation,2,804730,1,,64,O1,True,ok,59.069305,59.694927823,bb64f1ef2a1a927cec81d4a3dab01d0aa42cdb2536a7b269e31b2d247048cc77,results/goal2r_comparison/panel-b2-r1-s64-O1.jsonl
comparison,panel-b2-r2-s128-O3,shared_confirmation,2,804730,2,,128,O3,True,ok,56.924937,57.592590519,cbffa4a612e473bfe56a098492f886082cce7f3916790caf4cef2f577ddbf13f,results/goal2r_comparison/panel-b2-r2-s128-O3.jsonl
comparison,panel-b2-r2-s64-O1,shared_confirmation,2,804730,2,,64,O1,True,ok,58.891987,59.695187169,bb64f1ef2a1a927cec81d4a3dab01d0aa42cdb2536a7b269e31b2d247048cc77,results/goal2r_comparison/panel-b2-r2-s64-O1.jsonl
comparison,panel-b2-r3-s64-O1,shared_confirmation,2,804730,3,,64,O1,True,ok,59.378795,60.026740484,bb64f1ef2a1a927cec81d4a3dab01d0aa42cdb2536a7b269e31b2d247048cc77,results/goal2r_comparison/panel-b2-r3-s64-O1.jsonl
comparison,panel-b2-r3-s128-O3,shared_confirmation,2,804730,3,,128,O3,True,ok,59.78545,60.53195931,cbffa4a612e473bfe56a098492f886082cce7f3916790caf4cef2f577ddbf13f,results/goal2r_comparison/panel-b2-r3-s128-O3.jsonl
comparison,b3-recheck-seed909459,search,3,909459,,recheck,8,O1,True,ok,98.653372,99.333037484,bb64f1ef2a1a927cec81d4a3dab01d0aa42cdb2536a7b269e31b2d247048cc77,results/goal2r_comparison/b3-recheck-seed909459.jsonl
comparison,b3-recheck-seed909459,search,3,909459,,recheck,16,O0,True,ok,308.471442,309.193928835,1cb0987ef381ecb5526a1df53aeaa0221c849fed9e76d196fc3e5370ccd3044e,results/goal2r_comparison/b3-recheck-seed909459.jsonl
comparison,b3-recheck-seed909459,search,3,909459,,recheck,128,O2,True,ok,61.316503,61.97266515,ed09737e4c5fc1502bba676bd34101ec490560242787aa71e36236f3e44291fe,results/goal2r_comparison/b3-recheck-seed909459.jsonl
comparison,b3-recheck-seed909459,search,3,909459,,recheck,16,O1,True,ok,67.131705,67.819218783,bb64f1ef2a1a927cec81d4a3dab01d0aa42cdb2536a7b269e31b2d247048cc77,results/goal2r_comparison/b3-recheck-seed909459.jsonl
comparison,b3-recheck-seed909459,search,3,909459,,recheck,64,O0,True,ok,252.534953,253.260638605,1cb0987ef381ecb5526a1df53aeaa0221c849fed9e76d196fc3e5370ccd3044e,results/goal2r_comparison/b3-recheck-seed909459.jsonl
comparison,b3-recheck-seed909459,search,3,909459,,recheck,24,O3,True,ok,67.831659,68.587416082,cbffa4a612e473bfe56a098492f886082cce7f3916790caf4cef2f577ddbf13f,results/goal2r_comparison/b3-recheck-seed909459.jsonl
comparison,b3-recheck-seed909459,search,3,909459,,recheck,128,O2,True,ok,58.68141,59.393620495,ed09737e4c5fc1502bba676bd34101ec490560242787aa71e36236f3e44291fe,results/goal2r_comparison/b3-recheck-seed909459.jsonl
comparison,b3-recheck-seed909459,search,3,909459,,recheck,16,O1,True,ok,64.372392,65.09279003,bb64f1ef2a1a927cec81d4a3dab01d0aa42cdb2536a7b269e31b2d247048cc77,results/goal2r_comparison/b3-recheck-seed909459.jsonl
comparison,b3-greedy-seed909459,search,3,909459,,greedy,24,O1,True,ok,64.565944,65.293266387,bb64f1ef2a1a927cec81d4a3dab01d0aa42cdb2536a7b269e31b2d247048cc77,results/goal2r_comparison/b3-greedy-seed909459.jsonl
comparison,b3-greedy-seed909459,search,3,909459,,greedy,16,O1,True,ok,62.500624,63.285213083,bb64f1ef2a1a927cec81d4a3dab01d0aa42cdb2536a7b269e31b2d247048cc77,results/goal2r_comparison/b3-greedy-seed909459.jsonl
comparison,b3-greedy-seed909459,search,3,909459,,greedy,24,O0,True,ok,286.916991,287.762460864,1cb0987ef381ecb5526a1df53aeaa0221c849fed9e76d196fc3e5370ccd3044e,results/goal2r_comparison/b3-greedy-seed909459.jsonl
comparison,b3-greedy-seed909459,search,3,909459,,greedy,24,O2,True,ok,68.137774,68.848441523,ed09737e4c5fc1502bba676bd34101ec490560242787aa71e36236f3e44291fe,results/goal2r_comparison/b3-greedy-seed909459.jsonl
comparison,b3-greedy-seed909459,search,3,909459,,greedy,64,O1,True,ok,57.19059,58.005844616,bb64f1ef2a1a927cec81d4a3dab01d0aa42cdb2536a7b269e31b2d247048cc77,results/goal2r_comparison/b3-greedy-seed909459.jsonl
comparison,b3-greedy-seed909459,search,3,909459,,greedy,64,O0,True,ok,251.827977,252.5562596,1cb0987ef381ecb5526a1df53aeaa0221c849fed9e76d196fc3e5370ccd3044e,results/goal2r_comparison/b3-greedy-seed909459.jsonl
comparison,b3-greedy-seed909459,search,3,909459,,greedy,64,O2,True,ok,57.6269,58.284723283,ed09737e4c5fc1502bba676bd34101ec490560242787aa71e36236f3e44291fe,results/goal2r_comparison/b3-greedy-seed909459.jsonl
comparison,b3-greedy-seed909459,search,3,909459,,greedy,128,O1,True,ok,57.527632,58.302653091,bb64f1ef2a1a927cec81d4a3dab01d0aa42cdb2536a7b269e31b2d247048cc77,results/goal2r_comparison/b3-greedy-seed909459.jsonl
comparison,b3-random-seed909459,search,3,909459,,random,8,O1,True,ok,100.005578,100.729081175,bb64f1ef2a1a927cec81d4a3dab01d0aa42cdb2536a7b269e31b2d247048cc77,results/goal2r_comparison/b3-random-seed909459.jsonl
comparison,b3-random-seed909459,search,3,909459,,random,16,O0,True,ok,310.919556,311.693817144,1cb0987ef381ecb5526a1df53aeaa0221c849fed9e76d196fc3e5370ccd3044e,results/goal2r_comparison/b3-random-seed909459.jsonl
comparison,b3-random-seed909459,search,3,909459,,random,128,O2,True,ok,58.315754,58.981302192,ed09737e4c5fc1502bba676bd34101ec490560242787aa71e36236f3e44291fe,results/goal2r_comparison/b3-random-seed909459.jsonl
comparison,b3-random-seed909459,search,3,909459,,random,16,O1,True,ok,64.335572,65.134899362,bb64f1ef2a1a927cec81d4a3dab01d0aa42cdb2536a7b269e31b2d247048cc77,results/goal2r_comparison/b3-random-seed909459.jsonl
comparison,b3-random-seed909459,search,3,909459,,random,64,O0,True,ok,252.374706,253.19611787,1cb0987ef381ecb5526a1df53aeaa0221c849fed9e76d196fc3e5370ccd3044e,results/goal2r_comparison/b3-random-seed909459.jsonl
comparison,b3-random-seed909459,search,3,909459,,random,24,O3,True,ok,64.517717,65.178611857,cbffa4a612e473bfe56a098492f886082cce7f3916790caf4cef2f577ddbf13f,results/goal2r_comparison/b3-random-seed909459.jsonl
comparison,b3-random-seed909459,search,3,909459,,random,8,O2,True,ok,101.259177,101.951567869,ed09737e4c5fc1502bba676bd34101ec490560242787aa71e36236f3e44291fe,results/goal2r_comparison/b3-random-seed909459.jsonl
comparison,b3-random-seed909459,search,3,909459,,random,128,O1,True,ok,54.44683,55.163598518,bb64f1ef2a1a927cec81d4a3dab01d0aa42cdb2536a7b269e31b2d247048cc77,results/goal2r_comparison/b3-random-seed909459.jsonl
comparison,b3-grid-seed909459,search,3,909459,,grid,8,O0,True,ok,399.654943,400.374395578,1cb0987ef381ecb5526a1df53aeaa0221c849fed9e76d196fc3e5370ccd3044e,results/goal2r_comparison/b3-grid-seed909459.jsonl
comparison,b3-grid-seed909459,search,3,909459,,grid,8,O1,True,ok,99.84452,100.5429278,bb64f1ef2a1a927cec81d4a3dab01d0aa42cdb2536a7b269e31b2d247048cc77,results/goal2r_comparison/b3-grid-seed909459.jsonl
comparison,b3-grid-seed909459,search,3,909459,,grid,8,O2,True,ok,145.763042,146.486457809,ed09737e4c5fc1502bba676bd34101ec490560242787aa71e36236f3e44291fe,results/goal2r_comparison/b3-grid-seed909459.jsonl
comparison,b3-grid-seed909459,search,3,909459,,grid,8,O3,True,ok,132.407943,133.665935713,cbffa4a612e473bfe56a098492f886082cce7f3916790caf4cef2f577ddbf13f,results/goal2r_comparison/b3-grid-seed909459.jsonl
comparison,b3-grid-seed909459,search,3,909459,,grid,16,O0,True,ok,463.91192,464.739047674,1cb0987ef381ecb5526a1df53aeaa0221c849fed9e76d196fc3e5370ccd3044e,results/goal2r_comparison/b3-grid-seed909459.jsonl
comparison,b3-grid-seed909459,search,3,909459,,grid,16,O1,True,ok,86.752162,87.788118279,bb64f1ef2a1a927cec81d4a3dab01d0aa42cdb2536a7b269e31b2d247048cc77,results/goal2r_comparison/b3-grid-seed909459.jsonl
comparison,b3-grid-seed909459,search,3,909459,,grid,16,O2,True,ok,85.764448,86.628237367,ed09737e4c5fc1502bba676bd34101ec490560242787aa71e36236f3e44291fe,results/goal2r_comparison/b3-grid-seed909459.jsonl
comparison,b3-grid-seed909459,search,3,909459,,grid,16,O3,True,ok,83.739121,84.783428249,cbffa4a612e473bfe56a098492f886082cce7f3916790caf4cef2f577ddbf13f,results/goal2r_comparison/b3-grid-seed909459.jsonl
comparison,panel-b3-r1-s128-O3,shared_confirmation,3,909459,1,,128,O3,True,ok,90.113262,91.176052445,cbffa4a612e473bfe56a098492f886082cce7f3916790caf4cef2f577ddbf13f,results/goal2r_comparison/panel-b3-r1-s128-O3.jsonl
comparison,panel-b3-r1-s128-O2,shared_confirmation,3,909459,1,,128,O2,True,ok,63.429427,64.668480754,ed09737e4c5fc1502bba676bd34101ec490560242787aa71e36236f3e44291fe,results/goal2r_comparison/panel-b3-r1-s128-O2.jsonl
comparison,panel-b3-r1-s128-O1,shared_confirmation,3,909459,1,,128,O1,True,ok,49.939851,50.777103759,bb64f1ef2a1a927cec81d4a3dab01d0aa42cdb2536a7b269e31b2d247048cc77,results/goal2r_comparison/panel-b3-r1-s128-O1.jsonl
comparison,panel-b3-r2-s128-O2,shared_confirmation,3,909459,2,,128,O2,True,ok,46.746727,47.485169769,ed09737e4c5fc1502bba676bd34101ec490560242787aa71e36236f3e44291fe,results/goal2r_comparison/panel-b3-r2-s128-O2.jsonl
comparison,panel-b3-r2-s128-O3,shared_confirmation,3,909459,2,,128,O3,True,ok,53.377882,54.248659593,cbffa4a612e473bfe56a098492f886082cce7f3916790caf4cef2f577ddbf13f,results/goal2r_comparison/panel-b3-r2-s128-O3.jsonl
comparison,panel-b3-r2-s128-O1,shared_confirmation,3,909459,2,,128,O1,True,ok,52.346003,53.228230688,bb64f1ef2a1a927cec81d4a3dab01d0aa42cdb2536a7b269e31b2d247048cc77,results/goal2r_comparison/panel-b3-r2-s128-O1.jsonl
comparison,panel-b3-r3-s128-O2,shared_confirmation,3,909459,3,,128,O2,True,ok,52.905847,53.652083481,ed09737e4c5fc1502bba676bd34101ec490560242787aa71e36236f3e44291fe,results/goal2r_comparison/panel-b3-r3-s128-O2.jsonl
comparison,panel-b3-r3-s128-O1,shared_confirmation,3,909459,3,,128,O1,True,ok,49.990041,50.782051211,bb64f1ef2a1a927cec81d4a3dab01d0aa42cdb2536a7b269e31b2d247048cc77,results/goal2r_comparison/panel-b3-r3-s128-O1.jsonl
comparison,panel-b3-r3-s128-O3,shared_confirmation,3,909459,3,,128,O3,True,ok,59.206493,59.939461608,cbffa4a612e473bfe56a098492f886082cce7f3916790caf4cef2f577ddbf13f,results/goal2r_comparison/panel-b3-r3-s128-O3.jsonl
comparison,b4-greedy-seed1014188,search,4,1014188,,greedy,64,O0,True,ok,249.07961,249.97331746,1cb0987ef381ecb5526a1df53aeaa0221c849fed9e76d196fc3e5370ccd3044e,results/goal2r_comparison/b4-greedy-seed1014188.jsonl
comparison,b4-greedy-seed1014188,search,4,1014188,,greedy,24,O0,True,ok,276.737546,277.57939263,1cb0987ef381ecb5526a1df53aeaa0221c849fed9e76d196fc3e5370ccd3044e,results/goal2r_comparison/b4-greedy-seed1014188.jsonl
comparison,b4-greedy-seed1014188,search,4,1014188,,greedy,64,O1,True,ok,53.577687,54.285874053,bb64f1ef2a1a927cec81d4a3dab01d0aa42cdb2536a7b269e31b2d247048cc77,results/goal2r_comparison/b4-greedy-seed1014188.jsonl
comparison,b4-greedy-seed1014188,search,4,1014188,,greedy,128,O0,True,ok,223.139783,223.863706655,1cb0987ef381ecb5526a1df53aeaa0221c849fed9e76d196fc3e5370ccd3044e,results/goal2r_comparison/b4-greedy-seed1014188.jsonl
comparison,b4-greedy-seed1014188,search,4,1014188,,greedy,24,O1,True,ok,61.51978,62.21241278,bb64f1ef2a1a927cec81d4a3dab01d0aa42cdb2536a7b269e31b2d247048cc77,results/goal2r_comparison/b4-greedy-seed1014188.jsonl
comparison,b4-greedy-seed1014188,search,4,1014188,,greedy,64,O2,True,ok,53.619463,54.329949831,ed09737e4c5fc1502bba676bd34101ec490560242787aa71e36236f3e44291fe,results/goal2r_comparison/b4-greedy-seed1014188.jsonl
comparison,b4-greedy-seed1014188,search,4,1014188,,greedy,128,O1,True,ok,45.657923,46.475452311,bb64f1ef2a1a927cec81d4a3dab01d0aa42cdb2536a7b269e31b2d247048cc77,results/goal2r_comparison/b4-greedy-seed1014188.jsonl
comparison,b4-greedy-seed1014188,search,4,1014188,,greedy,128,O2,True,ok,42.24222,42.930780943,ed09737e4c5fc1502bba676bd34101ec490560242787aa71e36236f3e44291fe,results/goal2r_comparison/b4-greedy-seed1014188.jsonl
comparison,b4-random-seed1014188,search,4,1014188,,random,24,O1,True,ok,61.432377,62.102853483,bb64f1ef2a1a927cec81d4a3dab01d0aa42cdb2536a7b269e31b2d247048cc77,results/goal2r_comparison/b4-random-seed1014188.jsonl
comparison,b4-random-seed1014188,search,4,1014188,,random,24,O0,True,ok,316.376886,317.099190227,1cb0987ef381ecb5526a1df53aeaa0221c849fed9e76d196fc3e5370ccd3044e,results/goal2r_comparison/b4-random-seed1014188.jsonl
comparison,b4-random-seed1014188,search,4,1014188,,random,64,O1,True,ok,51.620488,52.294101198,bb64f1ef2a1a927cec81d4a3dab01d0aa42cdb2536a7b269e31b2d247048cc77,results/goal2r_comparison/b4-random-seed1014188.jsonl
comparison,b4-random-seed1014188,search,4,1014188,,random,128,O0,True,ok,216.753325,217.434002358,1cb0987ef381ecb5526a1df53aeaa0221c849fed9e76d196fc3e5370ccd3044e,results/goal2r_comparison/b4-random-seed1014188.jsonl
comparison,b4-random-seed1014188,search,4,1014188,,random,8,O1,True,ok,80.722307,81.364529439,bb64f1ef2a1a927cec81d4a3dab01d0aa42cdb2536a7b269e31b2d247048cc77,results/goal2r_comparison/b4-random-seed1014188.jsonl
comparison,b4-random-seed1014188,search,4,1014188,,random,16,O1,True,ok,58.477566,59.150557195,bb64f1ef2a1a927cec81d4a3dab01d0aa42cdb2536a7b269e31b2d247048cc77,results/goal2r_comparison/b4-random-seed1014188.jsonl
comparison,b4-random-seed1014188,search,4,1014188,,random,8,O0,True,ok,342.975643,343.704218386,1cb0987ef381ecb5526a1df53aeaa0221c849fed9e76d196fc3e5370ccd3044e,results/goal2r_comparison/b4-random-seed1014188.jsonl
comparison,b4-random-seed1014188,search,4,1014188,,random,128,O2,True,ok,45.807412,46.583639924,ed09737e4c5fc1502bba676bd34101ec490560242787aa71e36236f3e44291fe,results/goal2r_comparison/b4-random-seed1014188.jsonl
comparison,b4-grid-seed1014188,search,4,1014188,,grid,8,O0,True,ok,339.546939,340.399923296,1cb0987ef381ecb5526a1df53aeaa0221c849fed9e76d196fc3e5370ccd3044e,results/goal2r_comparison/b4-grid-seed1014188.jsonl
comparison,b4-grid-seed1014188,search,4,1014188,,grid,8,O1,True,ok,83.153819,83.818516909,bb64f1ef2a1a927cec81d4a3dab01d0aa42cdb2536a7b269e31b2d247048cc77,results/goal2r_comparison/b4-grid-seed1014188.jsonl
comparison,b4-grid-seed1014188,search,4,1014188,,grid,8,O2,True,ok,82.69662,83.389242583,ed09737e4c5fc1502bba676bd34101ec490560242787aa71e36236f3e44291fe,results/goal2r_comparison/b4-grid-seed1014188.jsonl
comparison,b4-grid-seed1014188,search,4,1014188,,grid,8,O3,True,ok,83.762427,84.472988936,cbffa4a612e473bfe56a098492f886082cce7f3916790caf4cef2f577ddbf13f,results/goal2r_comparison/b4-grid-seed1014188.jsonl
comparison,b4-grid-seed1014188,search,4,1014188,,grid,16,O0,True,ok,295.09466,295.83539656,1cb0987ef381ecb5526a1df53aeaa0221c849fed9e76d196fc3e5370ccd3044e,results/goal2r_comparison/b4-grid-seed1014188.jsonl
comparison,b4-grid-seed1014188,search,4,1014188,,grid,16,O1,True,ok,64.76171,65.431457229,bb64f1ef2a1a927cec81d4a3dab01d0aa42cdb2536a7b269e31b2d247048cc77,results/goal2r_comparison/b4-grid-seed1014188.jsonl
comparison,b4-grid-seed1014188,search,4,1014188,,grid,16,O2,True,ok,57.294321,58.015094166,ed09737e4c5fc1502bba676bd34101ec490560242787aa71e36236f3e44291fe,results/goal2r_comparison/b4-grid-seed1014188.jsonl
comparison,b4-grid-seed1014188,search,4,1014188,,grid,16,O3,True,ok,57.109602,57.973772575,cbffa4a612e473bfe56a098492f886082cce7f3916790caf4cef2f577ddbf13f,results/goal2r_comparison/b4-grid-seed1014188.jsonl
comparison,b4-recheck-seed1014188,search,4,1014188,,recheck,24,O1,True,ok,60.375636,61.085997018,bb64f1ef2a1a927cec81d4a3dab01d0aa42cdb2536a7b269e31b2d247048cc77,results/goal2r_comparison/b4-recheck-seed1014188.jsonl
comparison,b4-recheck-seed1014188,search,4,1014188,,recheck,24,O0,True,ok,278.995984,279.799932846,1cb0987ef381ecb5526a1df53aeaa0221c849fed9e76d196fc3e5370ccd3044e,results/goal2r_comparison/b4-recheck-seed1014188.jsonl
comparison,b4-recheck-seed1014188,search,4,1014188,,recheck,64,O1,True,ok,94.0971,95.458890727,bb64f1ef2a1a927cec81d4a3dab01d0aa42cdb2536a7b269e31b2d247048cc77,results/goal2r_comparison/b4-recheck-seed1014188.jsonl
comparison,b4-recheck-seed1014188,search,4,1014188,,recheck,128,O0,True,ok,272.189433,273.070104485,1cb0987ef381ecb5526a1df53aeaa0221c849fed9e76d196fc3e5370ccd3044e,results/goal2r_comparison/b4-recheck-seed1014188.jsonl
comparison,b4-recheck-seed1014188,search,4,1014188,,recheck,8,O1,True,ok,76.797722,77.440567377,bb64f1ef2a1a927cec81d4a3dab01d0aa42cdb2536a7b269e31b2d247048cc77,results/goal2r_comparison/b4-recheck-seed1014188.jsonl
comparison,b4-recheck-seed1014188,search,4,1014188,,recheck,16,O1,True,ok,112.095485,112.817649768,bb64f1ef2a1a927cec81d4a3dab01d0aa42cdb2536a7b269e31b2d247048cc77,results/goal2r_comparison/b4-recheck-seed1014188.jsonl
comparison,b4-recheck-seed1014188,search,4,1014188,,recheck,24,O1,True,ok,81.792295,83.526343061,bb64f1ef2a1a927cec81d4a3dab01d0aa42cdb2536a7b269e31b2d247048cc77,results/goal2r_comparison/b4-recheck-seed1014188.jsonl
comparison,b4-recheck-seed1014188,search,4,1014188,,recheck,8,O1,True,ok,119.923302,120.838014875,bb64f1ef2a1a927cec81d4a3dab01d0aa42cdb2536a7b269e31b2d247048cc77,results/goal2r_comparison/b4-recheck-seed1014188.jsonl
comparison,panel-b4-r1-s128-O3,shared_confirmation,4,1014188,1,,128,O3,True,ok,44.10326,44.815943483,cbffa4a612e473bfe56a098492f886082cce7f3916790caf4cef2f577ddbf13f,results/goal2r_comparison/panel-b4-r1-s128-O3.jsonl
comparison,panel-b4-r1-s128-O2,shared_confirmation,4,1014188,1,,128,O2,True,ok,44.362331,45.039557018,ed09737e4c5fc1502bba676bd34101ec490560242787aa71e36236f3e44291fe,results/goal2r_comparison/panel-b4-r1-s128-O2.jsonl
comparison,panel-b4-r1-s24-O1,shared_confirmation,4,1014188,1,,24,O1,True,ok,65.821023,66.574563522,bb64f1ef2a1a927cec81d4a3dab01d0aa42cdb2536a7b269e31b2d247048cc77,results/goal2r_comparison/panel-b4-r1-s24-O1.jsonl
comparison,panel-b4-r2-s24-O1,shared_confirmation,4,1014188,2,,24,O1,True,ok,66.566575,67.261968856,bb64f1ef2a1a927cec81d4a3dab01d0aa42cdb2536a7b269e31b2d247048cc77,results/goal2r_comparison/panel-b4-r2-s24-O1.jsonl
comparison,panel-b4-r2-s128-O3,shared_confirmation,4,1014188,2,,128,O3,True,ok,44.921115,45.687796176,cbffa4a612e473bfe56a098492f886082cce7f3916790caf4cef2f577ddbf13f,results/goal2r_comparison/panel-b4-r2-s128-O3.jsonl
comparison,panel-b4-r2-s128-O2,shared_confirmation,4,1014188,2,,128,O2,True,ok,44.23341,44.899925068,ed09737e4c5fc1502bba676bd34101ec490560242787aa71e36236f3e44291fe,results/goal2r_comparison/panel-b4-r2-s128-O2.jsonl
comparison,panel-b4-r3-s128-O3,shared_confirmation,4,1014188,3,,128,O3,True,ok,45.086891,45.775782994,cbffa4a612e473bfe56a098492f886082cce7f3916790caf4cef2f577ddbf13f,results/goal2r_comparison/panel-b4-r3-s128-O3.jsonl
comparison,panel-b4-r3-s128-O2,shared_confirmation,4,1014188,3,,128,O2,True,ok,44.720532,45.393768123,ed09737e4c5fc1502bba676bd34101ec490560242787aa71e36236f3e44291fe,results/goal2r_comparison/panel-b4-r3-s128-O2.jsonl
comparison,panel-b4-r3-s24-O1,shared_confirmation,4,1014188,3,,24,O1,True,ok,68.213592,68.867252996,bb64f1ef2a1a927cec81d4a3dab01d0aa42cdb2536a7b269e31b2d247048cc77,results/goal2r_comparison/panel-b4-r3-s24-O1.jsonl
comparison,b5-grid-seed1118917,search,5,1118917,,grid,8,O0,True,ok,454.087194,454.867315363,1cb0987ef381ecb5526a1df53aeaa0221c849fed9e76d196fc3e5370ccd3044e,results/goal2r_comparison/b5-grid-seed1118917.jsonl
comparison,b5-grid-seed1118917,search,5,1118917,,grid,8,O1,True,ok,104.318747,105.003939921,bb64f1ef2a1a927cec81d4a3dab01d0aa42cdb2536a7b269e31b2d247048cc77,results/goal2r_comparison/b5-grid-seed1118917.jsonl
comparison,b5-grid-seed1118917,search,5,1118917,,grid,8,O2,True,ok,104.397326,105.05322088,ed09737e4c5fc1502bba676bd34101ec490560242787aa71e36236f3e44291fe,results/goal2r_comparison/b5-grid-seed1118917.jsonl
comparison,b5-grid-seed1118917,search,5,1118917,,grid,8,O3,True,ok,104.256779,104.921221957,cbffa4a612e473bfe56a098492f886082cce7f3916790caf4cef2f577ddbf13f,results/goal2r_comparison/b5-grid-seed1118917.jsonl
comparison,b5-grid-seed1118917,search,5,1118917,,grid,16,O0,True,ok,350.912821,351.623207135,1cb0987ef381ecb5526a1df53aeaa0221c849fed9e76d196fc3e5370ccd3044e,results/goal2r_comparison/b5-grid-seed1118917.jsonl
comparison,b5-grid-seed1118917,search,5,1118917,,grid,16,O1,True,ok,68.615696,69.338676181,bb64f1ef2a1a927cec81d4a3dab01d0aa42cdb2536a7b269e31b2d247048cc77,results/goal2r_comparison/b5-grid-seed1118917.jsonl
comparison,b5-grid-seed1118917,search,5,1118917,,grid,16,O2,True,ok,70.031831,70.734450939,ed09737e4c5fc1502bba676bd34101ec490560242787aa71e36236f3e44291fe,results/goal2r_comparison/b5-grid-seed1118917.jsonl
comparison,b5-grid-seed1118917,search,5,1118917,,grid,16,O3,True,ok,66.941923,67.607967506,cbffa4a612e473bfe56a098492f886082cce7f3916790caf4cef2f577ddbf13f,results/goal2r_comparison/b5-grid-seed1118917.jsonl
comparison,b5-random-seed1118917,search,5,1118917,,random,16,O3,True,ok,68.832598,69.542387133,cbffa4a612e473bfe56a098492f886082cce7f3916790caf4cef2f577ddbf13f,results/goal2r_comparison/b5-random-seed1118917.jsonl
comparison,b5-random-seed1118917,search,5,1118917,,random,24,O0,True,ok,321.762688,322.792590438,1cb0987ef381ecb5526a1df53aeaa0221c849fed9e76d196fc3e5370ccd3044e,results/goal2r_comparison/b5-random-seed1118917.jsonl
comparison,b5-random-seed1118917,search,5,1118917,,random,128,O0,True,ok,273.269373,274.015257538,1cb0987ef381ecb5526a1df53aeaa0221c849fed9e76d196fc3e5370ccd3044e,results/goal2r_comparison/b5-random-seed1118917.jsonl
comparison,b5-random-seed1118917,search,5,1118917,,random,16,O2,True,ok,68.419963,69.127468136,ed09737e4c5fc1502bba676bd34101ec490560242787aa71e36236f3e44291fe,results/goal2r_comparison/b5-random-seed1118917.jsonl
comparison,b5-random-seed1118917,search,5,1118917,,random,64,O3,True,ok,59.653915,60.329407435,cbffa4a612e473bfe56a098492f886082cce7f3916790caf4cef2f577ddbf13f,results/goal2r_comparison/b5-random-seed1118917.jsonl
comparison,b5-random-seed1118917,search,5,1118917,,random,24,O1,True,ok,72.567568,73.251807857,bb64f1ef2a1a927cec81d4a3dab01d0aa42cdb2536a7b269e31b2d247048cc77,results/goal2r_comparison/b5-random-seed1118917.jsonl
comparison,b5-random-seed1118917,search,5,1118917,,random,8,O0,True,ok,548.21139,548.997650451,1cb0987ef381ecb5526a1df53aeaa0221c849fed9e76d196fc3e5370ccd3044e,results/goal2r_comparison/b5-random-seed1118917.jsonl
comparison,b5-random-seed1118917,search,5,1118917,,random,64,O1,True,ok,58.879511,59.551310097,bb64f1ef2a1a927cec81d4a3dab01d0aa42cdb2536a7b269e31b2d247048cc77,results/goal2r_comparison/b5-random-seed1118917.jsonl
comparison,b5-recheck-seed1118917,search,5,1118917,,recheck,16,O3,True,ok,67.665465,68.45629622,cbffa4a612e473bfe56a098492f886082cce7f3916790caf4cef2f577ddbf13f,results/goal2r_comparison/b5-recheck-seed1118917.jsonl
comparison,b5-recheck-seed1118917,search,5,1118917,,recheck,24,O0,True,ok,344.457257,345.221932266,1cb0987ef381ecb5526a1df53aeaa0221c849fed9e76d196fc3e5370ccd3044e,results/goal2r_comparison/b5-recheck-seed1118917.jsonl
comparison,b5-recheck-seed1118917,search,5,1118917,,recheck,128,O0,True,ok,283.246448,284.668573,1cb0987ef381ecb5526a1df53aeaa0221c849fed9e76d196fc3e5370ccd3044e,results/goal2r_comparison/b5-recheck-seed1118917.jsonl
comparison,b5-recheck-seed1118917,search,5,1118917,,recheck,16,O2,True,ok,81.231291,82.25284689,ed09737e4c5fc1502bba676bd34101ec490560242787aa71e36236f3e44291fe,results/goal2r_comparison/b5-recheck-seed1118917.jsonl
comparison,b5-recheck-seed1118917,search,5,1118917,,recheck,64,O3,True,ok,62.340676,63.369007341,cbffa4a612e473bfe56a098492f886082cce7f3916790caf4cef2f577ddbf13f,results/goal2r_comparison/b5-recheck-seed1118917.jsonl
comparison,b5-recheck-seed1118917,search,5,1118917,,recheck,24,O1,True,ok,71.663746,72.375094491,bb64f1ef2a1a927cec81d4a3dab01d0aa42cdb2536a7b269e31b2d247048cc77,results/goal2r_comparison/b5-recheck-seed1118917.jsonl
comparison,b5-recheck-seed1118917,search,5,1118917,,recheck,64,O3,True,ok,58.382072,59.074210644,cbffa4a612e473bfe56a098492f886082cce7f3916790caf4cef2f577ddbf13f,results/goal2r_comparison/b5-recheck-seed1118917.jsonl
comparison,b5-recheck-seed1118917,search,5,1118917,,recheck,16,O3,True,ok,69.387734,70.10005706,cbffa4a612e473bfe56a098492f886082cce7f3916790caf4cef2f577ddbf13f,results/goal2r_comparison/b5-recheck-seed1118917.jsonl
comparison,b5-greedy-seed1118917,search,5,1118917,,greedy,128,O1,True,ok,56.673329,57.396327404,bb64f1ef2a1a927cec81d4a3dab01d0aa42cdb2536a7b269e31b2d247048cc77,results/goal2r_comparison/b5-greedy-seed1118917.jsonl
comparison,b5-greedy-seed1118917,search,5,1118917,,greedy,64,O1,True,ok,59.874123,60.67863197,bb64f1ef2a1a927cec81d4a3dab01d0aa42cdb2536a7b269e31b2d247048cc77,results/goal2r_comparison/b5-greedy-seed1118917.jsonl
comparison,b5-greedy-seed1118917,search,5,1118917,,greedy,128,O0,True,ok,266.327615,267.063142083,1cb0987ef381ecb5526a1df53aeaa0221c849fed9e76d196fc3e5370ccd3044e,results/goal2r_comparison/b5-greedy-seed1118917.jsonl
comparison,b5-greedy-seed1118917,search,5,1118917,,greedy,128,O2,True,ok,55.247916,55.987089712,ed09737e4c5fc1502bba676bd34101ec490560242787aa71e36236f3e44291fe,results/goal2r_comparison/b5-greedy-seed1118917.jsonl
comparison,b5-greedy-seed1118917,search,5,1118917,,greedy,64,O2,True,ok,58.859215,59.542861779,ed09737e4c5fc1502bba676bd34101ec490560242787aa71e36236f3e44291fe,results/goal2r_comparison/b5-greedy-seed1118917.jsonl
comparison,b5-greedy-seed1118917,search,5,1118917,,greedy,128,O3,True,ok,55.251369,55.938263311,cbffa4a612e473bfe56a098492f886082cce7f3916790caf4cef2f577ddbf13f,results/goal2r_comparison/b5-greedy-seed1118917.jsonl
comparison,panel-b5-r1-s128-O3,shared_confirmation,5,1118917,1,,128,O3,True,ok,54.221434,54.909492922,cbffa4a612e473bfe56a098492f886082cce7f3916790caf4cef2f577ddbf13f,results/goal2r_comparison/panel-b5-r1-s128-O3.jsonl
comparison,panel-b5-r1-s64-O3,shared_confirmation,5,1118917,1,,64,O3,True,ok,57.626521,58.319644882,cbffa4a612e473bfe56a098492f886082cce7f3916790caf4cef2f577ddbf13f,results/goal2r_comparison/panel-b5-r1-s64-O3.jsonl
comparison,panel-b5-r1-s64-O1,shared_confirmation,5,1118917,1,,64,O1,True,ok,57.483703,58.124446233,bb64f1ef2a1a927cec81d4a3dab01d0aa42cdb2536a7b269e31b2d247048cc77,results/goal2r_comparison/panel-b5-r1-s64-O1.jsonl
comparison,panel-b5-r2-s64-O1,shared_confirmation,5,1118917,2,,64,O1,True,ok,57.918105,58.595440191,bb64f1ef2a1a927cec81d4a3dab01d0aa42cdb2536a7b269e31b2d247048cc77,results/goal2r_comparison/panel-b5-r2-s64-O1.jsonl
comparison,panel-b5-r2-s128-O3,shared_confirmation,5,1118917,2,,128,O3,True,ok,55.425137,56.137808418,cbffa4a612e473bfe56a098492f886082cce7f3916790caf4cef2f577ddbf13f,results/goal2r_comparison/panel-b5-r2-s128-O3.jsonl
comparison,panel-b5-r2-s64-O3,shared_confirmation,5,1118917,2,,64,O3,True,ok,59.406487,60.084146188,cbffa4a612e473bfe56a098492f886082cce7f3916790caf4cef2f577ddbf13f,results/goal2r_comparison/panel-b5-r2-s64-O3.jsonl
comparison,panel-b5-r3-s64-O3,shared_confirmation,5,1118917,3,,64,O3,True,ok,58.199621,58.91052187,cbffa4a612e473bfe56a098492f886082cce7f3916790caf4cef2f577ddbf13f,results/goal2r_comparison/panel-b5-r3-s64-O3.jsonl
comparison,panel-b5-r3-s64-O1,shared_confirmation,5,1118917,3,,64,O1,True,ok,58.272647,58.948790459,bb64f1ef2a1a927cec81d4a3dab01d0aa42cdb2536a7b269e31b2d247048cc77,results/goal2r_comparison/panel-b5-r3-s64-O1.jsonl
comparison,panel-b5-r3-s128-O3,shared_confirmation,5,1118917,3,,128,O3,True,ok,53.315249,53.991847069,cbffa4a612e473bfe56a098492f886082cce7f3916790caf4cef2f577ddbf13f,results/goal2r_comparison/panel-b5-r3-s128-O3.jsonl
comparison,b6-grid-seed1223646,search,6,1223646,,grid,8,O0,True,ok,464.695604,465.486427614,1cb0987ef381ecb5526a1df53aeaa0221c849fed9e76d196fc3e5370ccd3044e,results/goal2r_comparison/b6-grid-seed1223646.jsonl
comparison,b6-grid-seed1223646,search,6,1223646,,grid,8,O1,True,ok,106.537752,107.196978854,bb64f1ef2a1a927cec81d4a3dab01d0aa42cdb2536a7b269e31b2d247048cc77,results/goal2r_comparison/b6-grid-seed1223646.jsonl
comparison,b6-grid-seed1223646,search,6,1223646,,grid,8,O2,True,ok,105.909735,106.595593081,ed09737e4c5fc1502bba676bd34101ec490560242787aa71e36236f3e44291fe,results/goal2r_comparison/b6-grid-seed1223646.jsonl
comparison,b6-grid-seed1223646,search,6,1223646,,grid,8,O3,True,ok,103.823519,104.453059398,cbffa4a612e473bfe56a098492f886082cce7f3916790caf4cef2f577ddbf13f,results/goal2r_comparison/b6-grid-seed1223646.jsonl
comparison,b6-grid-seed1223646,search,6,1223646,,grid,16,O0,True,ok,359.458217,360.117150066,1cb0987ef381ecb5526a1df53aeaa0221c849fed9e76d196fc3e5370ccd3044e,results/goal2r_comparison/b6-grid-seed1223646.jsonl
comparison,b6-grid-seed1223646,search,6,1223646,,grid,16,O1,True,ok,68.219017,68.916861893,bb64f1ef2a1a927cec81d4a3dab01d0aa42cdb2536a7b269e31b2d247048cc77,results/goal2r_comparison/b6-grid-seed1223646.jsonl
comparison,b6-grid-seed1223646,search,6,1223646,,grid,16,O2,True,ok,70.193863,70.91228313,ed09737e4c5fc1502bba676bd34101ec490560242787aa71e36236f3e44291fe,results/goal2r_comparison/b6-grid-seed1223646.jsonl
comparison,b6-grid-seed1223646,search,6,1223646,,grid,16,O3,True,ok,70.780096,71.482805491,cbffa4a612e473bfe56a098492f886082cce7f3916790caf4cef2f577ddbf13f,results/goal2r_comparison/b6-grid-seed1223646.jsonl
comparison,b6-recheck-seed1223646,search,6,1223646,,recheck,16,O3,True,ok,72.787655,73.474088995,cbffa4a612e473bfe56a098492f886082cce7f3916790caf4cef2f577ddbf13f,results/goal2r_comparison/b6-recheck-seed1223646.jsonl
comparison,b6-recheck-seed1223646,search,6,1223646,,recheck,24,O3,True,ok,70.188678,70.866459344,cbffa4a612e473bfe56a098492f886082cce7f3916790caf4cef2f577ddbf13f,results/goal2r_comparison/b6-recheck-seed1223646.jsonl
comparison,b6-recheck-seed1223646,search,6,1223646,,recheck,24,O0,True,ok,320.900912,321.675041309,1cb0987ef381ecb5526a1df53aeaa0221c849fed9e76d196fc3e5370ccd3044e,results/goal2r_comparison/b6-recheck-seed1223646.jsonl
comparison,b6-recheck-seed1223646,search,6,1223646,,recheck,24,O2,True,ok,70.45799,71.161698713,ed09737e4c5fc1502bba676bd34101ec490560242787aa71e36236f3e44291fe,results/goal2r_comparison/b6-recheck-seed1223646.jsonl
comparison,b6-recheck-seed1223646,search,6,1223646,,recheck,24,O1,True,ok,72.26229,72.960816354,bb64f1ef2a1a927cec81d4a3dab01d0aa42cdb2536a7b269e31b2d247048cc77,results/goal2r_comparison/b6-recheck-seed1223646.jsonl
comparison,b6-recheck-seed1223646,search,6,1223646,,recheck,128,O0,True,ok,270.409023,271.325915544,1cb0987ef381ecb5526a1df53aeaa0221c849fed9e76d196fc3e5370ccd3044e,results/goal2r_comparison/b6-recheck-seed1223646.jsonl
comparison,b6-recheck-seed1223646,search,6,1223646,,recheck,24,O3,True,ok,71.358243,72.084058842,cbffa4a612e473bfe56a098492f886082cce7f3916790caf4cef2f577ddbf13f,results/goal2r_comparison/b6-recheck-seed1223646.jsonl
comparison,b6-recheck-seed1223646,search,6,1223646,,recheck,24,O2,True,ok,70.377704,71.091973328,ed09737e4c5fc1502bba676bd34101ec490560242787aa71e36236f3e44291fe,results/goal2r_comparison/b6-recheck-seed1223646.jsonl
comparison,b6-random-seed1223646,search,6,1223646,,random,16,O3,True,ok,69.06375,69.777540463,cbffa4a612e473bfe56a098492f886082cce7f3916790caf4cef2f577ddbf13f,results/goal2r_comparison/b6-random-seed1223646.jsonl
comparison,b6-random-seed1223646,search,6,1223646,,random,24,O3,True,ok,71.600104,72.285509455,cbffa4a612e473bfe56a098492f886082cce7f3916790caf4cef2f577ddbf13f,results/goal2r_comparison/b6-random-seed1223646.jsonl
comparison,b6-random-seed1223646,search,6,1223646,,random,24,O0,True,ok,322.497693,323.221284957,1cb0987ef381ecb5526a1df53aeaa0221c849fed9e76d196fc3e5370ccd3044e,results/goal2r_comparison/b6-random-seed1223646.jsonl
comparison,b6-random-seed1223646,search,6,1223646,,random,24,O2,True,ok,70.476472,71.199928806,ed09737e4c5fc1502bba676bd34101ec490560242787aa71e36236f3e44291fe,results/goal2r_comparison/b6-random-seed1223646.jsonl
comparison,b6-random-seed1223646,search,6,1223646,,random,24,O1,True,ok,72.559013,73.284599856,bb64f1ef2a1a927cec81d4a3dab01d0aa42cdb2536a7b269e31b2d247048cc77,results/goal2r_comparison/b6-random-seed1223646.jsonl
comparison,b6-random-seed1223646,search,6,1223646,,random,128,O0,True,ok,269.235897,269.969452008,1cb0987ef381ecb5526a1df53aeaa0221c849fed9e76d196fc3e5370ccd3044e,results/goal2r_comparison/b6-random-seed1223646.jsonl
comparison,b6-random-seed1223646,search,6,1223646,,random,16,O0,True,ok,379.469682,380.191221407,1cb0987ef381ecb5526a1df53aeaa0221c849fed9e76d196fc3e5370ccd3044e,results/goal2r_comparison/b6-random-seed1223646.jsonl
comparison,b6-random-seed1223646,search,6,1223646,,random,128,O3,True,ok,55.982299,56.70607636,cbffa4a612e473bfe56a098492f886082cce7f3916790caf4cef2f577ddbf13f,results/goal2r_comparison/b6-random-seed1223646.jsonl
comparison,b6-greedy-seed1223646,search,6,1223646,,greedy,64,O1,True,ok,60.08913,60.776755806,bb64f1ef2a1a927cec81d4a3dab01d0aa42cdb2536a7b269e31b2d247048cc77,results/goal2r_comparison/b6-greedy-seed1223646.jsonl
comparison,b6-greedy-seed1223646,search,6,1223646,,greedy,24,O1,True,ok,70.867071,71.536161489,bb64f1ef2a1a927cec81d4a3dab01d0aa42cdb2536a7b269e31b2d247048cc77,results/goal2r_comparison/b6-greedy-seed1223646.jsonl
comparison,b6-greedy-seed1223646,search,6,1223646,,greedy,64,O0,True,ok,279.551101,280.259539731,1cb0987ef381ecb5526a1df53aeaa0221c849fed9e76d196fc3e5370ccd3044e,results/goal2r_comparison/b6-greedy-seed1223646.jsonl
comparison,b6-greedy-seed1223646,search,6,1223646,,greedy,64,O2,True,ok,59.953485,60.650528152,ed09737e4c5fc1502bba676bd34101ec490560242787aa71e36236f3e44291fe,results/goal2r_comparison/b6-greedy-seed1223646.jsonl
comparison,b6-greedy-seed1223646,search,6,1223646,,greedy,128,O1,True,ok,53.562684,54.249848758,bb64f1ef2a1a927cec81d4a3dab01d0aa42cdb2536a7b269e31b2d247048cc77,results/goal2r_comparison/b6-greedy-seed1223646.jsonl
comparison,b6-greedy-seed1223646,search,6,1223646,,greedy,128,O0,True,ok,272.057825,272.789846723,1cb0987ef381ecb5526a1df53aeaa0221c849fed9e76d196fc3e5370ccd3044e,results/goal2r_comparison/b6-greedy-seed1223646.jsonl
comparison,b6-greedy-seed1223646,search,6,1223646,,greedy,128,O2,True,ok,54.33186,55.052710645,ed09737e4c5fc1502bba676bd34101ec490560242787aa71e36236f3e44291fe,results/goal2r_comparison/b6-greedy-seed1223646.jsonl
comparison,panel-b6-r1-s24-O2,shared_confirmation,6,1223646,1,,24,O2,True,ok,71.009861,71.662986763,ed09737e4c5fc1502bba676bd34101ec490560242787aa71e36236f3e44291fe,results/goal2r_comparison/panel-b6-r1-s24-O2.jsonl
comparison,panel-b6-r1-s128-O3,shared_confirmation,6,1223646,1,,128,O3,True,ok,54.380994,55.078129626,cbffa4a612e473bfe56a098492f886082cce7f3916790caf4cef2f577ddbf13f,results/goal2r_comparison/panel-b6-r1-s128-O3.jsonl
comparison,panel-b6-r2-s24-O2,shared_confirmation,6,1223646,2,,24,O2,True,ok,70.946348,71.617236468,ed09737e4c5fc1502bba676bd34101ec490560242787aa71e36236f3e44291fe,results/goal2r_comparison/panel-b6-r2-s24-O2.jsonl
comparison,panel-b6-r2-s128-O3,shared_confirmation,6,1223646,2,,128,O3,True,ok,54.278277,54.942537762,cbffa4a612e473bfe56a098492f886082cce7f3916790caf4cef2f577ddbf13f,results/goal2r_comparison/panel-b6-r2-s128-O3.jsonl
comparison,panel-b6-r3-s128-O3,shared_confirmation,6,1223646,3,,128,O3,True,ok,55.1531,55.867522613,cbffa4a612e473bfe56a098492f886082cce7f3916790caf4cef2f577ddbf13f,results/goal2r_comparison/panel-b6-r3-s128-O3.jsonl
comparison,panel-b6-r3-s24-O2,shared_confirmation,6,1223646,3,,24,O2,True,ok,72.09147,72.797250783,ed09737e4c5fc1502bba676bd34101ec490560242787aa71e36236f3e44291fe,results/goal2r_comparison/panel-b6-r3-s24-O2.jsonl
starts,start-1,start_panel,1,0,,greedy,8,O0,True,ok,445.939813,446.960623853,1cb0987ef381ecb5526a1df53aeaa0221c849fed9e76d196fc3e5370ccd3044e,results/goal2r_starts/start-1.jsonl
starts,start-1,start_panel,1,0,,greedy,8,O1,True,ok,117.819761,118.828753279,bb64f1ef2a1a927cec81d4a3dab01d0aa42cdb2536a7b269e31b2d247048cc77,results/goal2r_starts/start-1.jsonl
starts,start-1,start_panel,1,0,,greedy,16,O0,True,ok,338.956139,339.812777116,1cb0987ef381ecb5526a1df53aeaa0221c849fed9e76d196fc3e5370ccd3044e,results/goal2r_starts/start-1.jsonl
starts,start-1,start_panel,1,0,,greedy,8,O2,True,ok,105.30877,106.018962272,ed09737e4c5fc1502bba676bd34101ec490560242787aa71e36236f3e44291fe,results/goal2r_starts/start-1.jsonl
starts,start-1,start_panel,1,0,,greedy,16,O1,True,ok,66.162413,66.86201213,bb64f1ef2a1a927cec81d4a3dab01d0aa42cdb2536a7b269e31b2d247048cc77,results/goal2r_starts/start-1.jsonl
starts,start-1,start_panel,1,0,,greedy,16,O2,True,ok,62.152606,62.861136551,ed09737e4c5fc1502bba676bd34101ec490560242787aa71e36236f3e44291fe,results/goal2r_starts/start-1.jsonl
starts,start-1,start_panel,1,0,,greedy,24,O1,True,ok,66.404466,67.049946068,bb64f1ef2a1a927cec81d4a3dab01d0aa42cdb2536a7b269e31b2d247048cc77,results/goal2r_starts/start-1.jsonl
starts,start-1,start_panel,1,0,,greedy,16,O3,True,ok,67.475875,68.127704705,cbffa4a612e473bfe56a098492f886082cce7f3916790caf4cef2f577ddbf13f,results/goal2r_starts/start-1.jsonl
starts,start-2,start_panel,2,0,,greedy,16,O1,True,ok,67.151874,67.909444838,bb64f1ef2a1a927cec81d4a3dab01d0aa42cdb2536a7b269e31b2d247048cc77,results/goal2r_starts/start-2.jsonl
starts,start-2,start_panel,2,0,,greedy,8,O1,True,ok,108.400365,109.050290753,bb64f1ef2a1a927cec81d4a3dab01d0aa42cdb2536a7b269e31b2d247048cc77,results/goal2r_starts/start-2.jsonl
starts,start-2,start_panel,2,0,,greedy,16,O0,True,ok,332.787406,333.513164073,1cb0987ef381ecb5526a1df53aeaa0221c849fed9e76d196fc3e5370ccd3044e,results/goal2r_starts/start-2.jsonl
starts,start-2,start_panel,2,0,,greedy,16,O2,True,ok,66.061176,66.74858118,ed09737e4c5fc1502bba676bd34101ec490560242787aa71e36236f3e44291fe,results/goal2r_starts/start-2.jsonl
starts,start-2,start_panel,2,0,,greedy,24,O1,True,ok,68.520957,69.191136958,bb64f1ef2a1a927cec81d4a3dab01d0aa42cdb2536a7b269e31b2d247048cc77,results/goal2r_starts/start-2.jsonl
starts,start-2,start_panel,2,0,,greedy,8,O2,True,ok,106.96759,107.610275523,ed09737e4c5fc1502bba676bd34101ec490560242787aa71e36236f3e44291fe,results/goal2r_starts/start-2.jsonl
starts,start-2,start_panel,2,0,,greedy,16,O3,True,ok,67.892672,68.57045033,cbffa4a612e473bfe56a098492f886082cce7f3916790caf4cef2f577ddbf13f,results/goal2r_starts/start-2.jsonl
starts,start-2,start_panel,2,0,,greedy,24,O2,True,ok,66.661902,67.36198004,ed09737e4c5fc1502bba676bd34101ec490560242787aa71e36236f3e44291fe,results/goal2r_starts/start-2.jsonl
starts,start-3,start_panel,3,0,,greedy,24,O2,True,ok,64.130956,64.923181532,ed09737e4c5fc1502bba676bd34101ec490560242787aa71e36236f3e44291fe,results/goal2r_starts/start-3.jsonl
starts,start-3,start_panel,3,0,,greedy,16,O2,True,ok,66.973162,67.668850344,ed09737e4c5fc1502bba676bd34101ec490560242787aa71e36236f3e44291fe,results/goal2r_starts/start-3.jsonl
starts,start-3,start_panel,3,0,,greedy,24,O1,True,ok,67.017688,67.828603034,bb64f1ef2a1a927cec81d4a3dab01d0aa42cdb2536a7b269e31b2d247048cc77,results/goal2r_starts/start-3.jsonl
starts,start-3,start_panel,3,0,,greedy,24,O3,True,ok,67.40675,68.179022293,cbffa4a612e473bfe56a098492f886082cce7f3916790caf4cef2f577ddbf13f,results/goal2r_starts/start-3.jsonl
starts,start-3,start_panel,3,0,,greedy,64,O2,True,ok,68.284506,69.083479239,ed09737e4c5fc1502bba676bd34101ec490560242787aa71e36236f3e44291fe,results/goal2r_starts/start-3.jsonl
starts,start-4,start_panel,4,0,,greedy,128,O3,True,ok,74.612751,75.377483522,cbffa4a612e473bfe56a098492f886082cce7f3916790caf4cef2f577ddbf13f,results/goal2r_starts/start-4.jsonl
starts,start-4,start_panel,4,0,,greedy,64,O3,True,ok,75.057174,75.723242354,cbffa4a612e473bfe56a098492f886082cce7f3916790caf4cef2f577ddbf13f,results/goal2r_starts/start-4.jsonl
starts,start-4,start_panel,4,0,,greedy,128,O2,True,ok,72.43084,73.100012234,ed09737e4c5fc1502bba676bd34101ec490560242787aa71e36236f3e44291fe,results/goal2r_starts/start-4.jsonl
starts,start-4,start_panel,4,0,,greedy,64,O2,True,ok,64.407111,65.057640675,ed09737e4c5fc1502bba676bd34101ec490560242787aa71e36236f3e44291fe,results/goal2r_starts/start-4.jsonl
starts,start-4,start_panel,4,0,,greedy,128,O1,True,ok,71.901829,72.522931997,bb64f1ef2a1a927cec81d4a3dab01d0aa42cdb2536a7b269e31b2d247048cc77,results/goal2r_starts/start-4.jsonl
starts,start-4,start_panel,4,0,,greedy,24,O2,True,ok,68.217666,68.872186653,ed09737e4c5fc1502bba676bd34101ec490560242787aa71e36236f3e44291fe,results/goal2r_starts/start-4.jsonl
starts,start-4,start_panel,4,0,,greedy,64,O1,True,ok,65.721267,66.391514676,bb64f1ef2a1a927cec81d4a3dab01d0aa42cdb2536a7b269e31b2d247048cc77,results/goal2r_starts/start-4.jsonl
confirmation,b1-random-seed1328375,search,1,1328375,,random,24,O1,True,ok,90.896599,91.792603285,bb64f1ef2a1a927cec81d4a3dab01d0aa42cdb2536a7b269e31b2d247048cc77,results/goal2r_confirmation/b1-random-seed1328375.jsonl
confirmation,b1-random-seed1328375,search,1,1328375,,random,24,O0,True,ok,368.458885,369.460304427,1cb0987ef381ecb5526a1df53aeaa0221c849fed9e76d196fc3e5370ccd3044e,results/goal2r_confirmation/b1-random-seed1328375.jsonl
confirmation,b1-random-seed1328375,search,1,1328375,,random,8,O3,True,ok,130.503429,131.483630141,cbffa4a612e473bfe56a098492f886082cce7f3916790caf4cef2f577ddbf13f,results/goal2r_confirmation/b1-random-seed1328375.jsonl
confirmation,b1-random-seed1328375,search,1,1328375,,random,24,O2,True,ok,82.017102,83.012723237,ed09737e4c5fc1502bba676bd34101ec490560242787aa71e36236f3e44291fe,results/goal2r_confirmation/b1-random-seed1328375.jsonl
confirmation,b1-random-seed1328375,search,1,1328375,,random,128,O2,True,ok,81.656372,82.436875818,ed09737e4c5fc1502bba676bd34101ec490560242787aa71e36236f3e44291fe,results/goal2r_confirmation/b1-random-seed1328375.jsonl
confirmation,b1-random-seed1328375,search,1,1328375,,random,24,O3,True,ok,91.101867,91.943374763,cbffa4a612e473bfe56a098492f886082cce7f3916790caf4cef2f577ddbf13f,results/goal2r_confirmation/b1-random-seed1328375.jsonl
confirmation,b1-random-seed1328375,search,1,1328375,,random,128,O3,True,ok,77.707115,78.751787577,cbffa4a612e473bfe56a098492f886082cce7f3916790caf4cef2f577ddbf13f,results/goal2r_confirmation/b1-random-seed1328375.jsonl
confirmation,b1-random-seed1328375,search,1,1328375,,random,16,O1,True,ok,85.066732,86.389283798,bb64f1ef2a1a927cec81d4a3dab01d0aa42cdb2536a7b269e31b2d247048cc77,results/goal2r_confirmation/b1-random-seed1328375.jsonl
confirmation,panel-b1-r1-s128-O3,shared_confirmation,1,1328375,1,,128,O3,True,ok,71.803317,72.713272489,cbffa4a612e473bfe56a098492f886082cce7f3916790caf4cef2f577ddbf13f,results/goal2r_confirmation/panel-b1-r1-s128-O3.jsonl
confirmation,panel-b1-r2-s128-O3,shared_confirmation,1,1328375,2,,128,O3,True,ok,65.739641,66.522303067,cbffa4a612e473bfe56a098492f886082cce7f3916790caf4cef2f577ddbf13f,results/goal2r_confirmation/panel-b1-r2-s128-O3.jsonl
confirmation,panel-b1-r3-s128-O3,shared_confirmation,1,1328375,3,,128,O3,True,ok,65.73366,66.707611786,cbffa4a612e473bfe56a098492f886082cce7f3916790caf4cef2f577ddbf13f,results/goal2r_confirmation/panel-b1-r3-s128-O3.jsonl
confirmation,b2-random-seed1433104,search,2,1433104,,random,16,O3,True,ok,67.489922,68.316079423,cbffa4a612e473bfe56a098492f886082cce7f3916790caf4cef2f577ddbf13f,results/goal2r_confirmation/b2-random-seed1433104.jsonl
confirmation,b2-random-seed1433104,search,2,1433104,,random,24,O0,True,ok,302.118558,302.902524499,1cb0987ef381ecb5526a1df53aeaa0221c849fed9e76d196fc3e5370ccd3044e,results/goal2r_confirmation/b2-random-seed1433104.jsonl
confirmation,b2-random-seed1433104,search,2,1433104,,random,24,O1,True,ok,69.632308,70.345024406,bb64f1ef2a1a927cec81d4a3dab01d0aa42cdb2536a7b269e31b2d247048cc77,results/goal2r_confirmation/b2-random-seed1433104.jsonl
confirmation,b2-random-seed1433104,search,2,1433104,,random,64,O1,True,ok,57.585054,58.451109358,bb64f1ef2a1a927cec81d4a3dab01d0aa42cdb2536a7b269e31b2d247048cc77,results/goal2r_confirmation/b2-random-seed1433104.jsonl
confirmation,b2-random-seed1433104,search,2,1433104,,random,8,O2,True,ok,102.621805,103.326775243,ed09737e4c5fc1502bba676bd34101ec490560242787aa71e36236f3e44291fe,results/goal2r_confirmation/b2-random-seed1433104.jsonl
confirmation,b2-random-seed1433104,search,2,1433104,,random,64,O3,True,ok,57.357006,58.056242024,cbffa4a612e473bfe56a098492f886082cce7f3916790caf4cef2f577ddbf13f,results/goal2r_confirmation/b2-random-seed1433104.jsonl
confirmation,b2-random-seed1433104,search,2,1433104,,random,16,O0,True,ok,348.888548,349.693432958,1cb0987ef381ecb5526a1df53aeaa0221c849fed9e76d196fc3e5370ccd3044e,results/goal2r_confirmation/b2-random-seed1433104.jsonl
confirmation,b2-random-seed1433104,search,2,1433104,,random,128,O1,True,ok,73.519055,74.443572656,bb64f1ef2a1a927cec81d4a3dab01d0aa42cdb2536a7b269e31b2d247048cc77,results/goal2r_confirmation/b2-random-seed1433104.jsonl
confirmation,panel-b2-r1-s128-O3,shared_confirmation,2,1433104,1,,128,O3,True,ok,76.499287,77.448995769,cbffa4a612e473bfe56a098492f886082cce7f3916790caf4cef2f577ddbf13f,results/goal2r_confirmation/panel-b2-r1-s128-O3.jsonl
confirmation,panel-b2-r1-s64-O3,shared_confirmation,2,1433104,1,,64,O3,True,ok,79.668205,80.931192138,cbffa4a612e473bfe56a098492f886082cce7f3916790caf4cef2f577ddbf13f,results/goal2r_confirmation/panel-b2-r1-s64-O3.jsonl
confirmation,panel-b2-r2-s128-O3,shared_confirmation,2,1433104,2,,128,O3,True,ok,148.733579,149.9641615,cbffa4a612e473bfe56a098492f886082cce7f3916790caf4cef2f577ddbf13f,results/goal2r_confirmation/panel-b2-r2-s128-O3.jsonl
confirmation,panel-b2-r2-s64-O3,shared_confirmation,2,1433104,2,,64,O3,True,ok,51.367516,51.925986617,cbffa4a612e473bfe56a098492f886082cce7f3916790caf4cef2f577ddbf13f,results/goal2r_confirmation/panel-b2-r2-s64-O3.jsonl
confirmation,panel-b2-r3-s64-O3,shared_confirmation,2,1433104,3,,64,O3,True,ok,52.526459,53.159881762,cbffa4a612e473bfe56a098492f886082cce7f3916790caf4cef2f577ddbf13f,results/goal2r_confirmation/panel-b2-r3-s64-O3.jsonl
confirmation,panel-b2-r3-s128-O3,shared_confirmation,2,1433104,3,,128,O3,True,ok,52.986287,53.695668947,cbffa4a612e473bfe56a098492f886082cce7f3916790caf4cef2f577ddbf13f,results/goal2r_confirmation/panel-b2-r3-s128-O3.jsonl
confirmation,b3-random-seed1537833,search,3,1537833,,random,8,O3,True,ok,102.843978,103.553943323,cbffa4a612e473bfe56a098492f886082cce7f3916790caf4cef2f577ddbf13f,results/goal2r_confirmation/b3-random-seed1537833.jsonl
confirmation,b3-random-seed1537833,search,3,1537833,,random,128,O2,True,ok,50.332824,50.967345252,ed09737e4c5fc1502bba676bd34101ec490560242787aa71e36236f3e44291fe,results/goal2r_confirmation/b3-random-seed1537833.jsonl
confirmation,b3-random-seed1537833,search,3,1537833,,random,16,O2,True,ok,62.570925,63.206970533,ed09737e4c5fc1502bba676bd34101ec490560242787aa71e36236f3e44291fe,results/goal2r_confirmation/b3-random-seed1537833.jsonl
confirmation,b3-random-seed1537833,search,3,1537833,,random,24,O3,True,ok,62.243949,62.913875778,cbffa4a612e473bfe56a098492f886082cce7f3916790caf4cef2f577ddbf13f,results/goal2r_confirmation/b3-random-seed1537833.jsonl
confirmation,b3-random-seed1537833,search,3,1537833,,random,16,O1,True,ok,63.800821,64.468433283,bb64f1ef2a1a927cec81d4a3dab01d0aa42cdb2536a7b269e31b2d247048cc77,results/goal2r_confirmation/b3-random-seed1537833.jsonl
confirmation,b3-random-seed1537833,search,3,1537833,,random,64,O1,True,ok,54.137164,54.801619446,bb64f1ef2a1a927cec81d4a3dab01d0aa42cdb2536a7b269e31b2d247048cc77,results/goal2r_confirmation/b3-random-seed1537833.jsonl
confirmation,b3-random-seed1537833,search,3,1537833,,random,24,O1,True,ok,66.208674,66.86798642,bb64f1ef2a1a927cec81d4a3dab01d0aa42cdb2536a7b269e31b2d247048cc77,results/goal2r_confirmation/b3-random-seed1537833.jsonl
confirmation,b3-random-seed1537833,search,3,1537833,,random,8,O2,True,ok,104.241747,104.901933636,ed09737e4c5fc1502bba676bd34101ec490560242787aa71e36236f3e44291fe,results/goal2r_confirmation/b3-random-seed1537833.jsonl
confirmation,panel-b3-r1-s128-O3,shared_confirmation,3,1537833,1,,128,O3,True,ok,50.976466,51.638964351,cbffa4a612e473bfe56a098492f886082cce7f3916790caf4cef2f577ddbf13f,results/goal2r_confirmation/panel-b3-r1-s128-O3.jsonl
confirmation,panel-b3-r1-s128-O2,shared_confirmation,3,1537833,1,,128,O2,True,ok,50.944171,51.595137931,ed09737e4c5fc1502bba676bd34101ec490560242787aa71e36236f3e44291fe,results/goal2r_confirmation/panel-b3-r1-s128-O2.jsonl
confirmation,panel-b3-r2-s128-O3,shared_confirmation,3,1537833,2,,128,O3,True,ok,52.897993,53.586143495,cbffa4a612e473bfe56a098492f886082cce7f3916790caf4cef2f577ddbf13f,results/goal2r_confirmation/panel-b3-r2-s128-O3.jsonl
confirmation,panel-b3-r2-s128-O2,shared_confirmation,3,1537833,2,,128,O2,True,ok,53.851111,54.499354052,ed09737e4c5fc1502bba676bd34101ec490560242787aa71e36236f3e44291fe,results/goal2r_confirmation/panel-b3-r2-s128-O2.jsonl
confirmation,panel-b3-r3-s128-O3,shared_confirmation,3,1537833,3,,128,O3,True,ok,50.927035,51.596996896,cbffa4a612e473bfe56a098492f886082cce7f3916790caf4cef2f577ddbf13f,results/goal2r_confirmation/panel-b3-r3-s128-O3.jsonl
confirmation,panel-b3-r3-s128-O2,shared_confirmation,3,1537833,3,,128,O2,True,ok,52.868819,53.533290303,ed09737e4c5fc1502bba676bd34101ec490560242787aa71e36236f3e44291fe,results/goal2r_confirmation/panel-b3-r3-s128-O2.jsonl
