stage,seed,algorithm,step,phase,actual_calls,observed_score_s,fresh_score_s,best_so_far_s,tuning_raw_elapsed_s
comparison,700001,recheck,1,explore,1,64.265521,64.265521,64.265521,64.990789034
comparison,700001,recheck,2,explore,2,66.258545,66.258545,64.265521,131.948105639
comparison,700001,recheck,3,explore,3,65.643517,65.643517,64.265521,198.292886664
comparison,700001,recheck,4,explore,4,57.251267,57.251267,57.251267,256.210912588
comparison,700001,recheck,5,explore,5,63.150514,63.150514,57.251267,320.038310497
comparison,700001,recheck,6,explore,6,100.337916,100.337916,57.251267,421.099659642
comparison,700001,recheck,7,recheck,7,58.441937499999995,59.632608,58.441937499999995,481.425058457
comparison,700001,recheck,8,recheck,8,63.8330315,64.515549,58.441937499999995,546.764668947
comparison,700001,grid,1,explore,1,399.495476,399.495476,399.495476,400.26215468
comparison,700001,grid,2,explore,2,100.017698,100.017698,100.017698,500.969248133
comparison,700001,grid,3,explore,3,101.88954,101.88954,100.017698,603.543577708
comparison,700001,grid,4,explore,4,98.955863,98.955863,98.955863,703.162087869
comparison,700001,grid,5,explore,5,310.656703,310.656703,98.955863,1014.551036638
comparison,700001,grid,6,explore,6,64.695213,64.695213,64.695213,1079.945489525
comparison,700001,grid,7,explore,7,66.61898,66.61898,64.695213,1147.258828748
comparison,700001,grid,8,explore,8,62.351204,62.351204,62.351204,1210.342769097
comparison,700001,greedy,1,explore,1,251.371665,251.371665,251.371665,252.132606399
comparison,700001,greedy,2,explore,2,284.905209,284.905209,251.371665,537.805550816
comparison,700001,greedy,3,explore,3,59.892874,59.892874,59.892874,598.411536087
comparison,700001,greedy,4,explore,4,250.325891,250.325891,59.892874,849.463459375
comparison,700001,greedy,5,explore,5,62.511969,62.511969,59.892874,912.678651314
comparison,700001,greedy,6,explore,6,59.373826,59.373826,59.373826,972.80775234
comparison,700001,greedy,7,explore,7,56.759862,56.759862,56.759862,1030.248661835
comparison,700001,greedy,8,explore,8,56.176861,56.176861,56.176861,1087.137741055
comparison,700001,random,1,explore,1,72.627201,72.627201,72.627201,73.397484014
comparison,700001,random,2,explore,2,62.413876,62.413876,62.413876,136.634872223
comparison,700001,random,3,explore,3,61.391234,61.391234,61.391234,198.719422831
comparison,700001,random,4,explore,4,66.117128,66.117128,61.391234,265.838182124
comparison,700001,random,5,explore,5,65.296693,65.296693,61.391234,331.833163882
comparison,700001,random,6,explore,6,100.989545,100.989545,61.391234,433.660378289
comparison,700001,random,7,explore,7,65.07679,65.07679,61.391234,499.437069446
comparison,700001,random,8,explore,8,402.120183,402.120183,61.391234,902.291417815
comparison,804730,random,1,explore,1,68.604857,68.604857,68.604857,69.339058635
comparison,804730,random,2,explore,2,60.868061,60.868061,60.868061,130.983201209
comparison,804730,random,3,explore,3,61.620885,61.620885,60.868061,193.271154398
comparison,804730,random,4,explore,4,66.964773,66.964773,60.868061,260.906714032
comparison,804730,random,5,explore,5,63.972597,63.972597,60.868061,325.624428431
comparison,804730,random,6,explore,6,101.589824,101.589824,60.868061,427.906441468
comparison,804730,random,7,explore,7,260.528549,260.528549,60.868061,689.150080161
comparison,804730,random,8,explore,8,285.390572,285.390572,60.868061,975.305596853
comparison,804730,recheck,1,explore,1,64.387803,64.387803,64.387803,65.077950274
comparison,804730,recheck,2,explore,2,61.912559,61.912559,61.912559,127.715863112
comparison,804730,recheck,3,explore,3,64.915229,64.915229,61.912559,193.325640399
comparison,804730,recheck,4,explore,4,64.000288,64.000288,61.912559,258.081576119
comparison,804730,recheck,5,explore,5,66.355159,66.355159,61.912559,325.411546317
comparison,804730,recheck,6,explore,6,98.265462,98.265462,61.912559,424.417108961
comparison,804730,recheck,7,recheck,7,62.260093,62.607627,62.260093,487.720449293
comparison,804730,recheck,8,recheck,8,65.116519,66.23275,62.260093,554.608778322
comparison,804730,greedy,1,explore,1,393.874632,393.874632,393.874632,395.092329608
comparison,804730,greedy,2,explore,2,99.440159,99.440159,99.440159,495.23774344
comparison,804730,greedy,3,explore,3,312.843632,312.843632,99.440159,808.883776102
comparison,804730,greedy,4,explore,4,102.139535,102.139535,99.440159,911.736972482
comparison,804730,greedy,5,explore,5,64.582671,64.582671,64.582671,977.148022711
comparison,804730,greedy,6,explore,6,63.791117,63.791117,63.791117,1041.638586856
comparison,804730,greedy,7,explore,7,64.233923,64.233923,63.791117,1106.624296931
comparison,804730,greedy,8,explore,8,64.290054,64.290054,63.791117,1171.653643545
comparison,804730,grid,1,explore,1,405.0698,405.0698,405.0698,405.831138588
comparison,804730,grid,2,explore,2,99.839002,99.839002,99.839002,506.356166238
comparison,804730,grid,3,explore,3,110.536852,110.536852,99.839002,617.622428009
comparison,804730,grid,4,explore,4,104.983644,104.983644,99.839002,723.510284929
comparison,804730,grid,5,explore,5,309.729944,309.729944,99.839002,1033.953147695
comparison,804730,grid,6,explore,6,65.397675,65.397675,65.397675,1100.041385993
comparison,804730,grid,7,explore,7,65.180597,65.180597,65.180597,1165.943128246
comparison,804730,grid,8,explore,8,63.791045,63.791045,63.791045,1230.42857027
comparison,909459,recheck,1,explore,1,98.653372,98.653372,98.653372,99.357797494
comparison,909459,recheck,2,explore,2,308.471442,308.471442,98.653372,408.568704647
comparison,909459,recheck,3,explore,3,61.316503,61.316503,61.316503,470.558850673
comparison,909459,recheck,4,explore,4,67.131705,67.131705,61.316503,538.396122149
comparison,909459,recheck,5,explore,5,252.534953,252.534953,61.316503,791.664474802
comparison,909459,recheck,6,explore,6,67.831659,67.831659,61.316503,860.26065086
comparison,909459,recheck,7,recheck,7,59.9989565,58.68141,59.9989565,919.663560369
comparison,909459,recheck,8,recheck,8,65.7520485,64.372392,59.9989565,984.763953367
comparison,909459,greedy,1,explore,1,64.565944,64.565944,64.565944,65.309873302
comparison,909459,greedy,2,explore,2,62.500624,62.500624,62.500624,128.603536071
comparison,909459,greedy,3,explore,3,286.916991,286.916991,62.500624,416.39017578
comparison,909459,greedy,4,explore,4,68.137774,68.137774,62.500624,485.246092885
comparison,909459,greedy,5,explore,5,57.19059,57.19059,57.19059,543.270587189
comparison,909459,greedy,6,explore,6,251.827977,251.827977,57.19059,795.8464282
comparison,909459,greedy,7,explore,7,57.6269,57.6269,57.19059,854.138557782
comparison,909459,greedy,8,explore,8,57.527632,57.527632,57.19059,912.459877177
comparison,909459,random,1,explore,1,100.005578,100.005578,100.005578,100.753807096
comparison,909459,random,2,explore,2,310.919556,310.919556,100.005578,412.466758162
comparison,909459,random,3,explore,3,58.315754,58.315754,58.315754,471.454963652
comparison,909459,random,4,explore,4,64.335572,64.335572,58.315754,536.596987464
comparison,909459,random,5,explore,5,252.374706,252.374706,58.315754,789.801370104
comparison,909459,random,6,explore,6,64.517717,64.517717,58.315754,854.996810531
comparison,909459,random,7,explore,7,101.259177,101.259177,58.315754,956.965956047
comparison,909459,random,8,explore,8,54.44683,54.44683,54.44683,1012.146459847
comparison,909459,grid,1,explore,1,399.654943,399.654943,399.654943,400.391015578
comparison,909459,grid,2,explore,2,99.84452,99.84452,99.84452,500.952200428
comparison,909459,grid,3,explore,3,145.763042,145.763042,99.84452,647.447743277
comparison,909459,grid,4,explore,4,132.407943,132.407943,99.84452,781.134048731
comparison,909459,grid,5,explore,5,463.91192,463.91192,99.84452,1245.880977894
comparison,909459,grid,6,explore,6,86.752162,86.752162,86.752162,1333.678424839
comparison,909459,grid,7,explore,7,85.764448,85.764448,85.764448,1420.316217401
comparison,909459,grid,8,explore,8,83.739121,83.739121,83.739121,1505.110715339
comparison,1014188,greedy,1,explore,1,249.07961,249.07961,249.07961,250.033280707
comparison,1014188,greedy,2,explore,2,276.737546,276.737546,249.07961,527.630580443
comparison,1014188,greedy,3,explore,3,53.577687,53.577687,53.577687,581.933695572
comparison,1014188,greedy,4,explore,4,223.139783,223.139783,53.577687,805.805329631
comparison,1014188,greedy,5,explore,5,61.51978,61.51978,53.577687,868.034289007
comparison,1014188,greedy,6,explore,6,53.619463,53.619463,53.577687,922.38148836
comparison,1014188,greedy,7,explore,7,45.657923,45.657923,45.657923,968.875630146
comparison,1014188,greedy,8,explore,8,42.24222,42.24222,42.24222,1011.813194102
comparison,1014188,random,1,explore,1,61.432377,61.432377,61.432377,62.125640803
comparison,1014188,random,2,explore,2,316.376886,316.376886,61.432377,379.241568699
comparison,1014188,random,3,explore,3,51.620488,51.620488,51.620488,431.552118532
comparison,1014188,random,4,explore,4,216.753325,216.753325,51.620488,648.994153826
comparison,1014188,random,5,explore,5,80.722307,80.722307,51.620488,730.374823605
comparison,1014188,random,6,explore,6,58.477566,58.477566,51.620488,789.542930346
comparison,1014188,random,7,explore,7,342.975643,342.975643,51.620488,1133.264306262
comparison,1014188,random,8,explore,8,45.807412,45.807412,45.807412,1179.856001708
comparison,1014188,grid,1,explore,1,339.546939,339.546939,339.546939,340.430943925
comparison,1014188,grid,2,explore,2,83.153819,83.153819,83.153819,424.265789044
comparison,1014188,grid,3,explore,3,82.69662,82.69662,82.69662,507.672221128
comparison,1014188,grid,4,explore,4,83.762427,83.762427,82.69662,592.162608114
comparison,1014188,grid,5,explore,5,295.09466,295.09466,82.69662,888.017421118
comparison,1014188,grid,6,explore,6,64.76171,64.76171,64.76171,953.466661013
comparison,1014188,grid,7,explore,7,57.294321,57.294321,57.294321,1011.488730188
comparison,1014188,grid,8,explore,8,57.109602,57.109602,57.109602,1069.480181463
comparison,1014188,recheck,1,explore,1,60.375636,60.375636,60.375636,61.099808514
comparison,1014188,recheck,2,explore,2,278.995984,278.995984,60.375636,340.909574366
comparison,1014188,recheck,3,explore,3,94.0971,94.0971,60.375636,436.379313478
comparison,1014188,recheck,4,explore,4,272.189433,272.189433,60.375636,709.469592668
comparison,1014188,recheck,5,explore,5,76.797722,76.797722,60.375636,786.917752331
comparison,1014188,recheck,6,explore,6,112.095485,112.095485,60.375636,899.745380643
comparison,1014188,recheck,7,recheck,7,71.0839655,81.792295,71.0839655,983.287921696
comparison,1014188,recheck,8,recheck,8,98.360512,119.923302,71.0839655,1104.140675279
comparison,1118917,grid,1,explore,1,454.087194,454.087194,454.087194,454.899625121
comparison,1118917,grid,2,explore,2,104.318747,104.318747,104.318747,559.922768183
comparison,1118917,grid,3,explore,3,104.397326,104.397326,104.318747,664.994123229
comparison,1118917,grid,4,explore,4,104.256779,104.256779,104.256779,769.934420264
comparison,1118917,grid,5,explore,5,350.912821,350.912821,104.256779,1121.574992147
comparison,1118917,grid,6,explore,6,68.615696,68.615696,68.615696,1190.922122855
comparison,1118917,grid,7,explore,7,70.031831,70.031831,68.615696,1261.665803251
comparison,1118917,grid,8,explore,8,66.941923,66.941923,66.941923,1329.292604317
comparison,1118917,random,1,explore,1,68.832598,68.832598,68.832598,69.565154246
comparison,1118917,random,2,explore,2,321.762688,321.762688,68.832598,392.369773474
comparison,1118917,random,3,explore,3,273.269373,273.269373,68.832598,666.39298841
comparison,1118917,random,4,explore,4,68.419963,68.419963,68.419963,735.529007005
comparison,1118917,random,5,explore,5,59.653915,59.653915,59.653915,795.88150366
comparison,1118917,random,6,explore,6,72.567568,72.567568,59.653915,869.14147021
comparison,1118917,random,7,explore,7,548.21139,548.21139,59.653915,1418.157533132
comparison,1118917,random,8,explore,8,58.879511,58.879511,58.879511,1477.71867854
comparison,1118917,recheck,1,explore,1,67.665465,67.665465,67.665465,68.481409972
comparison,1118917,recheck,2,explore,2,344.457257,344.457257,67.665465,413.710880536
comparison,1118917,recheck,3,explore,3,283.246448,283.246448,67.665465,698.39954857
comparison,1118917,recheck,4,explore,4,81.231291,81.231291,67.665465,780.666520259
comparison,1118917,recheck,5,explore,5,62.340676,62.340676,62.340676,844.048121207
comparison,1118917,recheck,6,explore,6,71.663746,71.663746,62.340676,916.430842702
comparison,1118917,recheck,7,recheck,7,60.361374,58.382072,60.361374,975.513443839
comparison,1118917,recheck,8,recheck,8,68.5265995,69.387734,60.361374,1045.630578583
comparison,1118917,greedy,1,explore,1,56.673329,56.673329,56.673329,57.4157979
comparison,1118917,greedy,2,explore,2,59.874123,59.874123,56.673329,118.115794195
comparison,1118917,greedy,3,explore,3,266.327615,266.327615,56.673329,385.197135993
comparison,1118917,greedy,4,explore,4,55.247916,55.247916,55.247916,441.19205724
comparison,1118917,greedy,5,explore,5,58.859215,58.859215,55.247916,500.74464765
comparison,1118917,greedy,6,explore,6,55.251369,55.251369,55.247916,556.691352818
comparison,1223646,grid,1,explore,1,464.695604,464.695604,464.695604,465.503157118
comparison,1223646,grid,2,explore,2,106.537752,106.537752,106.537752,572.719135959
comparison,1223646,grid,3,explore,3,105.909735,105.909735,105.909735,679.32270341
comparison,1223646,grid,4,explore,4,103.823519,103.823519,103.823519,783.783668734
comparison,1223646,grid,5,explore,5,359.458217,359.458217,103.823519,1143.908946851
comparison,1223646,grid,6,explore,6,68.219017,68.219017,68.219017,1212.834111438
comparison,1223646,grid,7,explore,7,70.193863,70.193863,68.219017,1283.757172393
comparison,1223646,grid,8,explore,8,70.780096,70.780096,68.219017,1355.259391509
comparison,1223646,recheck,1,explore,1,72.787655,72.787655,72.787655,73.491390288
comparison,1223646,recheck,2,explore,2,70.188678,70.188678,70.188678,144.365813244
comparison,1223646,recheck,3,explore,3,320.900912,320.900912,70.188678,466.050506901
comparison,1223646,recheck,4,explore,4,70.45799,70.45799,70.188678,537.220428682
comparison,1223646,recheck,5,explore,5,72.26229,72.26229,70.188678,610.190481756
comparison,1223646,recheck,6,explore,6,270.409023,270.409023,70.188678,881.525954071
comparison,1223646,recheck,7,recheck,7,70.7734605,71.358243,70.7734605,953.620301291
comparison,1223646,recheck,8,recheck,8,70.417847,70.377704,70.417847,1024.721900624
comparison,1223646,random,1,explore,1,69.06375,69.06375,69.06375,69.805476942
comparison,1223646,random,2,explore,2,71.600104,71.600104,69.06375,142.108916897
comparison,1223646,random,3,explore,3,322.497693,322.497693,69.06375,465.348270703
comparison,1223646,random,4,explore,4,70.476472,70.476472,69.06375,536.555992297
comparison,1223646,random,5,explore,5,72.559013,72.559013,69.06375,609.860473165
comparison,1223646,random,6,explore,6,269.235897,269.235897,69.06375,879.84842453
comparison,1223646,random,7,explore,7,379.469682,379.469682,69.06375,1260.057717955
comparison,1223646,random,8,explore,8,55.982299,55.982299,55.982299,1316.781829285
comparison,1223646,greedy,1,explore,1,60.08913,60.08913,60.08913,60.803825589
comparison,1223646,greedy,2,explore,2,70.867071,70.867071,60.08913,132.349048684
comparison,1223646,greedy,3,explore,3,279.551101,279.551101,60.08913,412.627339016
comparison,1223646,greedy,4,explore,4,59.953485,59.953485,59.953485,473.29623573
comparison,1223646,greedy,5,explore,5,53.562684,53.562684,53.562684,527.56601434
comparison,1223646,greedy,6,explore,6,272.057825,272.057825,53.562684,800.364739665
comparison,1223646,greedy,7,explore,7,54.33186,54.33186,53.562684,855.436183934
starts,0,greedy,1,explore,1,445.939813,445.939813,445.939813,446.978189413
starts,0,greedy,2,explore,2,117.819761,117.819761,117.819761,565.829216181
starts,0,greedy,3,explore,3,338.956139,338.956139,117.819761,905.659764737
starts,0,greedy,4,explore,4,105.30877,105.30877,105.30877,1011.697871704
starts,0,greedy,5,explore,5,66.162413,66.162413,66.162413,1078.568844756
starts,0,greedy,6,explore,6,62.152606,62.152606,62.152606,1141.44974622
starts,0,greedy,7,explore,7,66.404466,66.404466,62.152606,1208.508033574
starts,0,greedy,8,explore,8,67.475875,67.475875,62.152606,1276.654377927
starts,0,greedy,1,explore,1,67.151874,67.151874,67.151874,67.935921517
starts,0,greedy,2,explore,2,108.400365,108.400365,67.151874,176.993728019
starts,0,greedy,3,explore,3,332.787406,332.787406,67.151874,510.51578648
starts,0,greedy,4,explore,4,66.061176,66.061176,66.061176,577.272320249
starts,0,greedy,5,explore,5,68.520957,68.520957,66.061176,646.481619323
starts,0,greedy,6,explore,6,106.96759,106.96759,66.061176,754.110559947
starts,0,greedy,7,explore,7,67.892672,67.892672,66.061176,822.689049007
starts,0,greedy,8,explore,8,66.661902,66.661902,66.061176,890.059321196
starts,0,greedy,1,explore,1,64.130956,64.130956,64.130956,64.948316292
starts,0,greedy,2,explore,2,66.973162,66.973162,64.130956,132.625653987
starts,0,greedy,3,explore,3,67.017688,67.017688,64.130956,200.472730126
starts,0,greedy,4,explore,4,67.40675,67.40675,64.130956,268.6698665
starts,0,greedy,5,explore,5,68.284506,68.284506,64.130956,337.762287053
starts,0,greedy,1,explore,1,74.612751,74.612751,74.612751,75.396831425
starts,0,greedy,2,explore,2,75.057174,75.057174,74.612751,151.139227483
starts,0,greedy,3,explore,3,72.43084,72.43084,72.43084,224.25692982
starts,0,greedy,4,explore,4,64.407111,64.407111,64.407111,289.323822372
starts,0,greedy,5,explore,5,71.901829,71.901829,64.407111,361.865906139
starts,0,greedy,6,explore,6,68.217666,68.217666,64.407111,430.757113429
starts,0,greedy,7,explore,7,65.721267,65.721267,64.407111,497.156963288
confirmation,1328375,random,1,explore,1,90.896599,90.896599,90.896599,91.822682877
confirmation,1328375,random,2,explore,2,368.458885,368.458885,90.896599,461.294457251
confirmation,1328375,random,3,explore,3,130.503429,130.503429,90.896599,592.788942956
confirmation,1328375,random,4,explore,4,82.017102,82.017102,82.017102,675.844891639
confirmation,1328375,random,5,explore,5,81.656372,81.656372,81.656372,758.300237931
confirmation,1328375,random,6,explore,6,91.101867,91.101867,81.656372,850.251576081
confirmation,1328375,random,7,explore,7,77.707115,77.707115,77.707115,929.012951044
confirmation,1328375,random,8,explore,8,85.066732,85.066732,77.707115,1015.418216834
confirmation,1433104,random,1,explore,1,67.489922,67.489922,67.489922,68.340469155
confirmation,1433104,random,2,explore,2,302.118558,302.118558,67.489922,371.251240259
confirmation,1433104,random,3,explore,3,69.632308,69.632308,67.489922,441.614495924
confirmation,1433104,random,4,explore,4,57.585054,57.585054,57.585054,500.084288054
confirmation,1433104,random,5,explore,5,102.621805,102.621805,57.585054,603.425858366
confirmation,1433104,random,6,explore,6,57.357006,57.357006,57.357006,661.489930362
confirmation,1433104,random,7,explore,7,348.888548,348.888548,57.357006,1011.201968481
confirmation,1433104,random,8,explore,8,73.519055,73.519055,57.357006,1085.654979605
confirmation,1537833,random,1,explore,1,102.843978,102.843978,102.843978,103.583197542
confirmation,1537833,random,2,explore,2,50.332824,50.332824,50.332824,154.558869666
confirmation,1537833,random,3,explore,3,62.570925,62.570925,50.332824,217.774481201
confirmation,1537833,random,4,explore,4,62.243949,62.243949,50.332824,280.706468264
confirmation,1537833,random,5,explore,5,63.800821,63.800821,50.332824,345.198105234
confirmation,1537833,random,6,explore,6,54.137164,54.137164,50.332824,400.008775838
confirmation,1537833,random,7,explore,7,66.208674,66.208674,50.332824,466.912805592
confirmation,1537833,random,8,explore,8,104.241747,104.241747,50.332824,571.832935929
