stage,block,seed,algorithm,state,valid,returned_s,returned_opt,online_score_s,process_runs,distinct_configs,internal_rechecks,search_driver_raw_s,journal,reference_s,gap_ref_pct,point_within_5pct
comparison,1,700001,recheck,complete,True,64,O3,58.441937499999995,8,6,2,546.885376235,results/goal2r_comparison/b1-recheck-seed700001.jsonl,57.015349,21.28988809956811,False
comparison,1,700001,grid,complete,True,16,O3,62.351204,8,8,0,1210.450559507,results/goal2r_comparison/b1-grid-seed700001.jsonl,64.712676,37.66456521494952,False
comparison,1,700001,greedy,complete,True,128,O2,56.176861,8,8,0,1087.408358147,results/goal2r_comparison/b1-greedy-seed700001.jsonl,47.516251,1.082267631142475,True
comparison,1,700001,random,complete,True,128,O1,61.391234,8,8,0,902.508059403,results/goal2r_comparison/b1-random-seed700001.jsonl,47.395634,0.8256766834503715,True
comparison,2,804730,random,complete,True,64,O1,60.868061,8,8,0,975.438367518,results/goal2r_comparison/b2-random-seed804730.jsonl,55.894518,18.905521977937823,False
comparison,2,804730,recheck,complete,True,64,O1,62.260093,8,6,2,554.876076627,results/goal2r_comparison/b2-recheck-seed804730.jsonl,55.894518,18.905521977937823,False
comparison,2,804730,greedy,complete,True,16,O2,63.791117,8,8,0,1171.881550081,results/goal2r_comparison/b2-greedy-seed804730.jsonl,62.537484,33.03723592726813,False
comparison,2,804730,grid,complete,True,16,O3,63.791045,8,8,0,1230.572091954,results/goal2r_comparison/b2-grid-seed804730.jsonl,64.712676,37.66456521494952,False
comparison,3,909459,recheck,complete,True,128,O2,59.9989565,8,6,2,985.068299235,results/goal2r_comparison/b3-recheck-seed909459.jsonl,47.516251,1.082267631142475,True
comparison,3,909459,greedy,complete,True,64,O1,57.19059,8,8,0,912.754844353,results/goal2r_comparison/b3-greedy-seed909459.jsonl,55.894518,18.905521977937823,False
comparison,3,909459,random,complete,True,128,O1,54.44683,8,8,0,1012.33664874,results/goal2r_comparison/b3-random-seed909459.jsonl,47.395634,0.8256766834503715,True
comparison,3,909459,grid,complete,True,16,O3,83.739121,8,8,0,1505.31851291,results/goal2r_comparison/b3-grid-seed909459.jsonl,64.712676,37.66456521494952,False
comparison,4,1014188,greedy,complete,True,128,O2,42.24222,8,8,0,1012.032384964,results/goal2r_comparison/b4-greedy-seed1014188.jsonl,47.516251,1.082267631142475,True
comparison,4,1014188,random,complete,True,128,O2,45.807412,8,8,0,1180.177197318,results/goal2r_comparison/b4-random-seed1014188.jsonl,47.516251,1.082267631142475,True
comparison,4,1014188,grid,complete,True,16,O3,57.109602,8,8,0,1069.849711891,results/goal2r_comparison/b4-grid-seed1014188.jsonl,64.712676,37.66456521494952,False
comparison,4,1014188,recheck,complete,True,24,O1,71.0839655,8,6,2,1104.228962745,results/goal2r_comparison/b4-recheck-seed1014188.jsonl,65.436714,39.20482568059771,False
comparison,5,1118917,grid,complete,True,16,O3,66.941923,8,8,0,1329.44270556,results/goal2r_comparison/b5-grid-seed1118917.jsonl,64.712676,37.66456521494952,False
comparison,5,1118917,random,complete,True,64,O1,58.879511,8,8,0,1477.920197498,results/goal2r_comparison/b5-random-seed1118917.jsonl,55.894518,18.905521977937823,False
comparison,5,1118917,recheck,complete,True,64,O3,60.361374,8,6,2,1045.741115269,results/goal2r_comparison/b5-recheck-seed1118917.jsonl,57.015349,21.28988809956811,False
comparison,5,1118917,greedy,complete,True,128,O2,55.247916,6,6,0,557.013630301,results/goal2r_comparison/b5-greedy-seed1118917.jsonl,47.516251,1.082267631142475,True
comparison,6,1223646,grid,complete,True,16,O1,68.219017,8,8,0,1355.434986946,results/goal2r_comparison/b6-grid-seed1223646.jsonl,63.628636,35.35846532077092,False
comparison,6,1223646,recheck,complete,True,24,O2,70.417847,8,6,2,1025.065658765,results/goal2r_comparison/b6-recheck-seed1223646.jsonl,63.718468,35.54956672449574,False
comparison,6,1223646,random,complete,True,128,O3,55.982299,8,8,0,1317.109779505,results/goal2r_comparison/b6-random-seed1223646.jsonl,47.007504,0.0,True
comparison,6,1223646,greedy,complete,True,128,O1,53.562684,7,7,0,855.719478149,results/goal2r_comparison/b6-greedy-seed1223646.jsonl,47.395634,0.8256766834503715,True
starts,1,0,greedy,complete,True,16,O2,62.152606,8,8,0,1277.002441539,results/goal2r_starts/start-1.jsonl,62.537484,33.03723592726813,False
starts,2,0,greedy,complete,True,16,O2,66.061176,8,8,0,890.195976976,results/goal2r_starts/start-2.jsonl,62.537484,33.03723592726813,False
starts,3,0,greedy,complete,True,24,O2,64.130956,5,5,0,337.953658469,results/goal2r_starts/start-3.jsonl,63.718468,35.54956672449574,False
starts,4,0,greedy,complete,True,64,O2,64.407111,7,7,0,497.373088907,results/goal2r_starts/start-4.jsonl,57.380079,22.065785496715606,False
confirmation,1,1328375,random,complete,True,128,O3,77.707115,8,8,0,1015.68352998,results/goal2r_confirmation/b1-random-seed1328375.jsonl,47.007504,0.0,True
confirmation,2,1433104,random,complete,True,64,O3,57.357006,8,8,0,1085.92540683,results/goal2r_confirmation/b2-random-seed1433104.jsonl,57.015349,21.28988809956811,False
confirmation,3,1537833,random,complete,True,128,O2,50.332824,8,8,0,572.052479823,results/goal2r_confirmation/b3-random-seed1537833.jsonl,47.516251,1.082267631142475,True
